songId,title,artistId,genreId,popularity
1,Song_1,90,8,73
2,Song_2,195,12,1
3,Song_3,147,1,42
4,Song_4,148,10,19
5,Song_5,96,20,97
6,Song_6,199,3,34
7,Song_7,52,6,80
8,Song_8,161,7,55
9,Song_9,168,20,18
10,Song_10,128,18,34
11,Song_11,39,11,89
12,Song_12,82,19,45
13,Song_13,104,5,6
14,Song_14,129,19,21
15,Song_15,11,11,70
16,Song_16,185,12,96
17,Song_17,178,10,48
18,Song_18,151,8,39
19,Song_19,159,9,31
20,Song_20,42,4,10
21,Song_21,99,5,30
22,Song_22,7,8,18
23,Song_23,144,9,60
24,Song_24,90,15,88
25,Song_25,112,15,73
26,Song_26,60,16,95
27,Song_27,113,14,15
28,Song_28,2,8,4
29,Song_29,129,18,63
30,Song_30,48,10,40
31,Song_31,140,20,9
32,Song_32,197,6,9
33,Song_33,37,12,26
34,Song_34,160,2,4
35,Song_35,9,7,81
36,Song_36,99,16,16
37,Song_37,147,3,15
38,Song_38,48,13,99
39,Song_39,131,3,52
40,Song_40,148,18,69
41,Song_41,152,11,5
42,Song_42,54,8,20
43,Song_43,120,6,79
44,Song_44,161,1,18
45,Song_45,152,1,2
46,Song_46,116,8,93
47,Song_47,75,5,13
48,Song_48,113,16,4
49,Song_49,200,11,42
50,Song_50,164,5,74
51,Song_51,166,4,61
52,Song_52,104,6,95
53,Song_53,84,14,8
54,Song_54,112,19,67
55,Song_55,99,9,63
56,Song_56,153,12,9
57,Song_57,93,11,94
58,Song_58,146,14,11
59,Song_59,128,16,99
60,Song_60,110,1,42
61,Song_61,82,13,13
62,Song_62,194,13,36
63,Song_63,54,2,13
64,Song_64,163,4,12
65,Song_65,189,6,37
66,Song_66,169,5,74
67,Song_67,161,3,73
68,Song_68,68,1,52
69,Song_69,33,4,71
70,Song_70,142,20,2
71,Song_71,21,2,56
72,Song_72,48,5,60
73,Song_73,148,3,23
74,Song_74,128,9,40
75,Song_75,136,20,64
76,Song_76,135,6,85
77,Song_77,195,18,23
78,Song_78,145,6,29
79,Song_79,128,19,78
80,Song_80,33,12,90
81,Song_81,176,11,51
82,Song_82,187,2,69
83,Song_83,115,15,95
84,Song_84,119,12,89
85,Song_85,22,12,31
86,Song_86,158,9,50
87,Song_87,38,2,20
88,Song_88,109,3,55
89,Song_89,51,12,81
90,Song_90,182,16,2
91,Song_91,8,1,25
92,Song_92,27,3,13
93,Song_93,27,20,92
94,Song_94,21,2,70
95,Song_95,30,9,67
96,Song_96,97,19,58
97,Song_97,28,15,99
98,Song_98,111,18,82
99,Song_99,192,11,75
100,Song_100,197,16,84
101,Song_101,61,17,64
102,Song_102,48,5,69
103,Song_103,147,12,83
104,Song_104,4,11,86
105,Song_105,35,15,59
106,Song_106,192,3,60
107,Song_107,49,1,83
108,Song_108,17,20,62
109,Song_109,172,16,16
110,Song_110,158,2,88
111,Song_111,46,2,68
112,Song_112,117,3,15
113,Song_113,6,8,89
114,Song_114,99,15,55
115,Song_115,124,7,35
116,Song_116,37,6,55
117,Song_117,24,9,14
118,Song_118,93,20,49
119,Song_119,46,1,83
120,Song_120,181,8,7
121,Song_121,95,3,30
122,Song_122,99,4,83
123,Song_123,188,15,49
124,Song_124,116,6,89
125,Song_125,191,15,16
126,Song_126,160,3,51
127,Song_127,161,14,72
128,Song_128,67,20,82
129,Song_129,128,14,92
130,Song_130,18,4,80
131,Song_131,25,12,83
132,Song_132,54,17,42
133,Song_133,58,7,17
134,Song_134,67,9,63
135,Song_135,104,3,45
136,Song_136,174,13,77
137,Song_137,24,15,7
138,Song_138,114,18,27
139,Song_139,32,19,10
140,Song_140,175,1,34
141,Song_141,86,6,36
142,Song_142,151,2,25
143,Song_143,194,14,6
144,Song_144,127,6,24
145,Song_145,155,14,18
146,Song_146,130,4,87
147,Song_147,17,8,6
148,Song_148,104,3,29
149,Song_149,161,19,25
150,Song_150,137,14,55
151,Song_151,43,20,81
152,Song_152,176,17,46
153,Song_153,39,8,24
154,Song_154,170,14,75
155,Song_155,26,6,26
156,Song_156,99,16,98
157,Song_157,50,19,28
158,Song_158,153,14,3
159,Song_159,152,19,75
160,Song_160,13,3,38
161,Song_161,60,10,61
162,Song_162,135,19,78
163,Song_163,57,9,51
164,Song_164,36,20,90
165,Song_165,173,13,48
166,Song_166,20,7,21
167,Song_167,65,14,54
168,Song_168,8,9,56
169,Song_169,144,19,94
170,Song_170,142,15,59
171,Song_171,115,20,72
172,Song_172,143,14,51
173,Song_173,92,6,20
174,Song_174,98,4,96
175,Song_175,66,8,86
176,Song_176,32,17,59
177,Song_177,191,9,71
178,Song_178,86,1,9
179,Song_179,51,20,1
180,Song_180,153,14,29
181,Song_181,186,11,63
182,Song_182,63,3,72
183,Song_183,190,9,56
184,Song_184,125,14,68
185,Song_185,150,9,35
186,Song_186,58,4,3
187,Song_187,58,4,7
188,Song_188,86,8,27
189,Song_189,49,2,1
190,Song_190,180,9,91
191,Song_191,170,14,80
192,Song_192,70,9,71
193,Song_193,15,16,44
194,Song_194,54,17,87
195,Song_195,188,16,41
196,Song_196,101,12,75
197,Song_197,8,3,42
198,Song_198,53,11,33
199,Song_199,60,14,50
200,Song_200,108,18,63
201,Song_201,5,5,37
202,Song_202,103,16,59
203,Song_203,196,20,81
204,Song_204,6,5,99
205,Song_205,109,3,48
206,Song_206,116,12,5
207,Song_207,94,1,48
208,Song_208,47,9,96
209,Song_209,99,9,3
210,Song_210,55,4,47
211,Song_211,168,3,62
212,Song_212,52,17,99
213,Song_213,144,2,14
214,Song_214,13,1,63
215,Song_215,114,8,61
216,Song_216,124,13,31
217,Song_217,106,15,95
218,Song_218,158,8,17
219,Song_219,147,12,24
220,Song_220,145,12,23
221,Song_221,120,14,82
222,Song_222,63,15,50
223,Song_223,19,15,78
224,Song_224,92,9,79
225,Song_225,58,19,79
226,Song_226,183,20,70
227,Song_227,90,8,27
228,Song_228,117,19,15
229,Song_229,62,6,50
230,Song_230,23,20,36
231,Song_231,127,19,8
232,Song_232,137,4,79
233,Song_233,140,7,3
234,Song_234,129,4,62
235,Song_235,58,12,47
236,Song_236,122,13,77
237,Song_237,1,3,98
238,Song_238,34,12,88
239,Song_239,96,2,96
240,Song_240,126,2,61
241,Song_241,118,9,32
242,Song_242,48,1,94
243,Song_243,89,8,13
244,Song_244,117,6,1
245,Song_245,129,6,34
246,Song_246,16,18,62
247,Song_247,189,17,79
248,Song_248,192,12,78
249,Song_249,191,6,93
250,Song_250,69,8,98
251,Song_251,22,19,82
252,Song_252,93,10,71
253,Song_253,195,1,93
254,Song_254,76,13,31
255,Song_255,154,17,64
256,Song_256,144,3,25
257,Song_257,179,8,38
258,Song_258,86,14,14
259,Song_259,185,3,8
260,Song_260,29,16,91
261,Song_261,69,13,54
262,Song_262,47,20,2
263,Song_263,94,17,81
264,Song_264,190,13,78
265,Song_265,197,6,89
266,Song_266,144,17,56
267,Song_267,176,14,94
268,Song_268,85,17,93
269,Song_269,39,8,84
270,Song_270,100,11,85
271,Song_271,33,20,61
272,Song_272,101,1,22
273,Song_273,23,7,35
274,Song_274,10,17,16
275,Song_275,69,10,50
276,Song_276,100,11,43
277,Song_277,34,9,17
278,Song_278,180,9,80
279,Song_279,138,5,58
280,Song_280,147,17,2
281,Song_281,186,9,4
282,Song_282,96,17,85
283,Song_283,1,19,39
284,Song_284,69,7,98
285,Song_285,4,9,94
286,Song_286,16,7,6
287,Song_287,24,13,81
288,Song_288,80,11,89
289,Song_289,2,14,69
290,Song_290,128,19,69
291,Song_291,160,11,20
292,Song_292,84,13,64
293,Song_293,152,14,16
294,Song_294,140,13,51
295,Song_295,178,1,37
296,Song_296,163,8,73
297,Song_297,124,12,69
298,Song_298,33,19,42
299,Song_299,161,12,57
300,Song_300,189,8,66
301,Song_301,179,8,9
302,Song_302,171,13,86
303,Song_303,101,12,64
304,Song_304,12,16,86
305,Song_305,67,1,22
306,Song_306,65,13,34
307,Song_307,161,7,55
308,Song_308,168,5,29
309,Song_309,74,8,38
310,Song_310,43,14,97
311,Song_311,44,13,18
312,Song_312,29,15,71
313,Song_313,141,17,65
314,Song_314,12,15,97
315,Song_315,95,20,1
316,Song_316,46,18,88
317,Song_317,130,18,4
318,Song_318,35,2,4
319,Song_319,81,4,82
320,Song_320,90,1,27
321,Song_321,8,4,43
322,Song_322,93,18,59
323,Song_323,154,5,32
324,Song_324,90,19,33
325,Song_325,162,15,28
326,Song_326,115,8,55
327,Song_327,105,20,60
328,Song_328,135,17,70
329,Song_329,196,1,62
330,Song_330,58,12,80
331,Song_331,114,19,34
332,Song_332,75,15,87
333,Song_333,157,9,88
334,Song_334,120,7,56
335,Song_335,164,2,13
336,Song_336,21,9,56
337,Song_337,164,10,18
338,Song_338,138,2,54
339,Song_339,101,19,77
340,Song_340,152,11,43
341,Song_341,192,13,39
342,Song_342,177,10,61
343,Song_343,99,14,42
344,Song_344,36,18,81
345,Song_345,96,19,79
346,Song_346,152,9,18
347,Song_347,151,7,23
348,Song_348,190,3,54
349,Song_349,37,20,30
350,Song_350,12,6,98
351,Song_351,113,2,58
352,Song_352,183,6,68
353,Song_353,13,3,67
354,Song_354,23,16,71
355,Song_355,99,8,18
356,Song_356,105,2,7
357,Song_357,30,17,40
358,Song_358,17,9,70
359,Song_359,113,12,86
360,Song_360,62,3,65
361,Song_361,84,11,68
362,Song_362,112,1,49
363,Song_363,86,13,52
364,Song_364,141,15,29
365,Song_365,187,5,21
366,Song_366,19,17,90
367,Song_367,177,6,78
368,Song_368,100,11,9
369,Song_369,140,18,47
370,Song_370,189,4,76
371,Song_371,147,3,42
372,Song_372,76,13,51
373,Song_373,9,9,56
374,Song_374,199,6,51
375,Song_375,28,12,70
376,Song_376,128,2,20
377,Song_377,52,3,88
378,Song_378,83,3,27
379,Song_379,111,12,38
380,Song_380,144,15,72
381,Song_381,117,9,65
382,Song_382,69,8,54
383,Song_383,99,11,24
384,Song_384,140,16,47
385,Song_385,25,4,71
386,Song_386,180,1,83
387,Song_387,123,7,86
388,Song_388,53,2,63
389,Song_389,151,5,57
390,Song_390,144,7,55
391,Song_391,57,4,60
392,Song_392,39,5,99
393,Song_393,109,1,62
394,Song_394,181,1,30
395,Song_395,42,15,93
396,Song_396,186,20,22
397,Song_397,167,19,75
398,Song_398,142,10,84
399,Song_399,122,18,29
400,Song_400,133,3,41
401,Song_401,163,11,42
402,Song_402,75,15,98
403,Song_403,146,11,65
404,Song_404,76,17,31
405,Song_405,9,17,30
406,Song_406,74,6,18
407,Song_407,186,5,17
408,Song_408,145,8,38
409,Song_409,7,2,14
410,Song_410,174,16,87
411,Song_411,141,20,89
412,Song_412,168,12,79
413,Song_413,170,6,56
414,Song_414,137,1,22
415,Song_415,178,4,67
416,Song_416,27,17,56
417,Song_417,122,13,19
418,Song_418,194,18,57
419,Song_419,5,5,44
420,Song_420,29,3,98
421,Song_421,165,11,35
422,Song_422,166,13,1
423,Song_423,83,4,52
424,Song_424,136,14,85
425,Song_425,109,11,93
426,Song_426,65,10,70
427,Song_427,86,19,37
428,Song_428,145,18,65
429,Song_429,71,6,51
430,Song_430,45,15,1
431,Song_431,132,10,91
432,Song_432,36,5,21
433,Song_433,70,5,53
434,Song_434,159,10,16
435,Song_435,19,5,61
436,Song_436,189,3,54
437,Song_437,108,6,40
438,Song_438,182,4,26
439,Song_439,167,18,80
440,Song_440,91,9,92
441,Song_441,90,17,65
442,Song_442,19,13,74
443,Song_443,39,15,64
444,Song_444,126,20,43
445,Song_445,195,17,17
446,Song_446,173,13,59
447,Song_447,141,16,23
448,Song_448,126,4,7
449,Song_449,58,5,44
450,Song_450,148,5,53
451,Song_451,200,9,71
452,Song_452,61,17,79
453,Song_453,127,13,34
454,Song_454,105,2,46
455,Song_455,167,13,68
456,Song_456,1,19,78
457,Song_457,131,3,78
458,Song_458,92,10,16
459,Song_459,190,2,71
460,Song_460,191,13,96
461,Song_461,113,19,19
462,Song_462,153,17,2
463,Song_463,56,14,10
464,Song_464,161,12,50
465,Song_465,166,12,81
466,Song_466,117,11,12
467,Song_467,134,7,70
468,Song_468,58,4,22
469,Song_469,44,19,32
470,Song_470,173,1,84
471,Song_471,160,3,1
472,Song_472,173,13,54
473,Song_473,61,15,58
474,Song_474,47,2,70
475,Song_475,149,11,83
476,Song_476,80,4,18
477,Song_477,118,19,6
478,Song_478,164,17,45
479,Song_479,147,3,97
480,Song_480,20,18,23
481,Song_481,185,8,23
482,Song_482,146,19,26
483,Song_483,47,5,77
484,Song_484,49,7,7
485,Song_485,14,8,79
486,Song_486,143,5,44
487,Song_487,159,17,27
488,Song_488,1,5,26
489,Song_489,117,4,97
490,Song_490,54,19,79
491,Song_491,118,2,36
492,Song_492,3,11,55
493,Song_493,144,13,64
494,Song_494,185,15,91
495,Song_495,12,12,57
496,Song_496,74,11,69
497,Song_497,16,7,61
498,Song_498,200,5,2
499,Song_499,102,17,55
500,Song_500,152,20,97
501,Song_501,156,9,80
502,Song_502,117,14,87
503,Song_503,8,12,38
504,Song_504,122,6,80
505,Song_505,92,17,78
506,Song_506,164,19,29
507,Song_507,90,19,26
508,Song_508,136,16,35
509,Song_509,186,12,79
510,Song_510,60,12,67
511,Song_511,178,20,87
512,Song_512,28,6,29
513,Song_513,101,4,34
514,Song_514,41,6,97
515,Song_515,192,11,41
516,Song_516,155,1,41
517,Song_517,191,15,23
518,Song_518,145,11,71
519,Song_519,161,19,3
520,Song_520,157,18,58
521,Song_521,141,17,32
522,Song_522,46,19,31
523,Song_523,35,14,82
524,Song_524,134,18,43
525,Song_525,82,19,7
526,Song_526,115,15,1
527,Song_527,197,15,61
528,Song_528,47,4,14
529,Song_529,153,7,52
530,Song_530,194,13,96
531,Song_531,10,3,6
532,Song_532,56,16,10
533,Song_533,30,9,71
534,Song_534,109,8,90
535,Song_535,5,20,98
536,Song_536,119,13,30
537,Song_537,33,17,21
538,Song_538,118,17,60
539,Song_539,65,17,81
540,Song_540,146,1,97
541,Song_541,177,8,74
542,Song_542,11,19,63
543,Song_543,85,6,42
544,Song_544,26,3,51
545,Song_545,63,5,64
546,Song_546,86,13,76
547,Song_547,59,15,56
548,Song_548,27,14,80
549,Song_549,177,16,41
550,Song_550,161,18,32
551,Song_551,98,11,15
552,Song_552,105,3,62
553,Song_553,99,10,27
554,Song_554,129,10,28
555,Song_555,149,16,81
556,Song_556,55,12,64
557,Song_557,6,2,59
558,Song_558,197,9,58
559,Song_559,95,3,2
560,Song_560,133,15,36
561,Song_561,102,3,71
562,Song_562,3,19,13
563,Song_563,181,18,15
564,Song_564,23,8,89
565,Song_565,53,17,87
566,Song_566,165,8,60
567,Song_567,83,7,22
568,Song_568,145,7,63
569,Song_569,85,3,90
570,Song_570,78,1,97
571,Song_571,110,4,75
572,Song_572,1,5,74
573,Song_573,51,1,25
574,Song_574,173,15,48
575,Song_575,4,5,43
576,Song_576,190,13,38
577,Song_577,193,8,41
578,Song_578,113,8,45
579,Song_579,32,5,88
580,Song_580,34,9,40
581,Song_581,92,1,97
582,Song_582,95,4,17
583,Song_583,72,3,88
584,Song_584,39,2,57
585,Song_585,154,8,2
586,Song_586,162,9,96
587,Song_587,182,2,62
588,Song_588,118,14,88
589,Song_589,3,14,9
590,Song_590,123,4,68
591,Song_591,50,6,81
592,Song_592,12,11,17
593,Song_593,193,3,50
594,Song_594,54,8,94
595,Song_595,133,3,40
596,Song_596,57,14,58
597,Song_597,145,13,75
598,Song_598,112,13,85
599,Song_599,47,2,21
600,Song_600,151,13,18
601,Song_601,85,19,55
602,Song_602,142,6,29
603,Song_603,66,16,24
604,Song_604,75,2,74
605,Song_605,179,8,17
606,Song_606,103,17,18
607,Song_607,166,2,42
608,Song_608,192,10,84
609,Song_609,38,16,45
610,Song_610,50,6,82
611,Song_611,98,2,17
612,Song_612,82,2,73
613,Song_613,30,13,14
614,Song_614,79,15,49
615,Song_615,91,2,29
616,Song_616,179,7,95
617,Song_617,191,3,4
618,Song_618,52,8,82
619,Song_619,166,14,20
620,Song_620,79,7,47
621,Song_621,30,7,9
622,Song_622,106,1,77
623,Song_623,51,17,79
624,Song_624,81,9,27
625,Song_625,133,13,15
626,Song_626,29,19,92
627,Song_627,132,19,19
628,Song_628,138,17,90
629,Song_629,184,10,52
630,Song_630,145,10,26
631,Song_631,74,4,89
632,Song_632,17,8,26
633,Song_633,84,20,26
634,Song_634,69,20,46
635,Song_635,34,18,92
636,Song_636,6,14,49
637,Song_637,53,18,82
638,Song_638,194,14,96
639,Song_639,126,20,53
640,Song_640,43,15,3
641,Song_641,115,4,66
642,Song_642,111,13,97
643,Song_643,151,8,42
644,Song_644,183,18,19
645,Song_645,80,12,17
646,Song_646,95,14,33
647,Song_647,118,2,76
648,Song_648,144,18,49
649,Song_649,8,2,56
650,Song_650,132,11,63
651,Song_651,104,9,3
652,Song_652,132,12,49
653,Song_653,184,17,55
654,Song_654,25,15,26
655,Song_655,195,17,99
656,Song_656,96,18,72
657,Song_657,195,6,52
658,Song_658,155,17,7
659,Song_659,93,18,46
660,Song_660,160,8,46
661,Song_661,178,9,16
662,Song_662,61,6,24
663,Song_663,122,5,61
664,Song_664,51,12,54
665,Song_665,147,11,62
666,Song_666,21,1,1
667,Song_667,5,11,49
668,Song_668,92,19,25
669,Song_669,170,9,10
670,Song_670,61,2,80
671,Song_671,22,12,16
672,Song_672,149,4,58
673,Song_673,70,4,72
674,Song_674,1,18,29
675,Song_675,133,15,92
676,Song_676,12,19,6
677,Song_677,90,13,16
678,Song_678,46,19,20
679,Song_679,34,17,80
680,Song_680,177,6,71
681,Song_681,78,16,78
682,Song_682,45,12,43
683,Song_683,155,19,26
684,Song_684,73,5,90
685,Song_685,26,17,78
686,Song_686,47,1,71
687,Song_687,121,10,33
688,Song_688,56,15,26
689,Song_689,94,11,45
690,Song_690,107,13,84
691,Song_691,63,5,63
692,Song_692,48,1,67
693,Song_693,61,12,52
694,Song_694,81,11,68
695,Song_695,26,17,26
696,Song_696,36,4,75
697,Song_697,1,15,2
698,Song_698,8,9,14
699,Song_699,113,20,30
700,Song_700,99,19,49
701,Song_701,180,19,12
702,Song_702,47,12,90
703,Song_703,127,5,44
704,Song_704,56,10,33
705,Song_705,14,17,13
706,Song_706,28,5,78
707,Song_707,78,16,88
708,Song_708,130,7,98
709,Song_709,109,9,26
710,Song_710,154,3,21
711,Song_711,14,15,28
712,Song_712,187,16,48
713,Song_713,56,18,40
714,Song_714,115,14,66
715,Song_715,7,3,73
716,Song_716,3,12,87
717,Song_717,111,9,79
718,Song_718,151,7,77
719,Song_719,107,9,23
720,Song_720,18,13,81
721,Song_721,38,18,48
722,Song_722,115,5,2
723,Song_723,15,13,84
724,Song_724,192,4,20
725,Song_725,119,2,59
726,Song_726,28,16,46
727,Song_727,39,9,3
728,Song_728,185,9,55
729,Song_729,17,6,12
730,Song_730,86,11,40
731,Song_731,126,1,66
732,Song_732,44,4,78
733,Song_733,25,13,16
734,Song_734,145,13,83
735,Song_735,13,13,34
736,Song_736,25,2,44
737,Song_737,68,9,6
738,Song_738,138,8,77
739,Song_739,67,7,64
740,Song_740,109,4,22
741,Song_741,146,18,18
742,Song_742,111,3,12
743,Song_743,111,6,52
744,Song_744,34,12,94
745,Song_745,111,12,51
746,Song_746,8,8,71
747,Song_747,168,1,96
748,Song_748,113,4,48
749,Song_749,83,11,19
750,Song_750,42,3,6
751,Song_751,169,13,84
752,Song_752,101,17,27
753,Song_753,6,10,53
754,Song_754,180,12,48
755,Song_755,26,15,7
756,Song_756,64,10,59
757,Song_757,187,14,69
758,Song_758,184,13,11
759,Song_759,59,5,15
760,Song_760,109,6,64
761,Song_761,198,2,3
762,Song_762,121,17,69
763,Song_763,33,4,23
764,Song_764,181,14,53
765,Song_765,150,10,37
766,Song_766,21,3,9
767,Song_767,198,3,15
768,Song_768,70,15,3
769,Song_769,112,6,93
770,Song_770,4,17,70
771,Song_771,94,12,17
772,Song_772,75,20,26
773,Song_773,190,11,21
774,Song_774,62,4,72
775,Song_775,94,6,21
776,Song_776,95,1,11
777,Song_777,152,20,38
778,Song_778,55,16,72
779,Song_779,137,15,88
780,Song_780,131,17,35
781,Song_781,31,8,14
782,Song_782,40,12,14
783,Song_783,36,10,10
784,Song_784,152,15,12
785,Song_785,6,9,38
786,Song_786,66,2,34
787,Song_787,75,5,41
788,Song_788,4,6,10
789,Song_789,79,7,17
790,Song_790,134,1,17
791,Song_791,118,7,67
792,Song_792,113,20,62
793,Song_793,94,12,95
794,Song_794,179,16,1
795,Song_795,62,16,12
796,Song_796,185,11,4
797,Song_797,194,4,42
798,Song_798,79,13,13
799,Song_799,136,7,98
800,Song_800,26,4,85
801,Song_801,179,15,86
802,Song_802,173,19,4
803,Song_803,44,9,82
804,Song_804,133,11,69
805,Song_805,70,8,19
806,Song_806,154,1,2
807,Song_807,118,8,12
808,Song_808,68,13,81
809,Song_809,19,4,74
810,Song_810,20,8,98
811,Song_811,113,3,6
812,Song_812,140,9,8
813,Song_813,47,2,51
814,Song_814,1,2,11
815,Song_815,90,13,63
816,Song_816,142,15,57
817,Song_817,64,12,12
818,Song_818,38,4,73
819,Song_819,37,8,2
820,Song_820,126,9,8
821,Song_821,139,5,11
822,Song_822,100,20,53
823,Song_823,77,18,10
824,Song_824,3,11,85
825,Song_825,161,15,84
826,Song_826,134,9,8
827,Song_827,178,17,36
828,Song_828,10,12,93
829,Song_829,5,7,76
830,Song_830,151,10,14
831,Song_831,138,10,54
832,Song_832,172,13,85
833,Song_833,130,19,86
834,Song_834,13,11,21
835,Song_835,168,13,50
836,Song_836,130,8,94
837,Song_837,84,8,39
838,Song_838,65,4,20
839,Song_839,63,15,88
840,Song_840,101,11,87
841,Song_841,73,11,7
842,Song_842,17,1,9
843,Song_843,9,17,1
844,Song_844,143,15,26
845,Song_845,152,20,38
846,Song_846,38,6,38
847,Song_847,163,15,61
848,Song_848,94,9,44
849,Song_849,95,14,86
850,Song_850,49,18,44
851,Song_851,69,17,74
852,Song_852,62,18,62
853,Song_853,188,5,6
854,Song_854,178,20,17
855,Song_855,78,20,51
856,Song_856,117,9,38
857,Song_857,120,11,24
858,Song_858,137,1,51
859,Song_859,162,18,10
860,Song_860,76,6,72
861,Song_861,35,2,21
862,Song_862,1,15,70
863,Song_863,40,14,85
864,Song_864,64,5,57
865,Song_865,150,6,39
866,Song_866,60,6,88
867,Song_867,64,18,33
868,Song_868,93,14,59
869,Song_869,72,10,18
870,Song_870,11,14,56
871,Song_871,105,13,92
872,Song_872,14,3,57
873,Song_873,60,6,96
874,Song_874,30,8,76
875,Song_875,35,12,48
876,Song_876,165,13,42
877,Song_877,5,11,27
878,Song_878,83,12,74
879,Song_879,123,1,52
880,Song_880,78,17,42
881,Song_881,154,16,32
882,Song_882,62,11,26
883,Song_883,132,13,25
884,Song_884,89,18,75
885,Song_885,42,11,23
886,Song_886,89,12,98
887,Song_887,146,6,57
888,Song_888,40,9,52
889,Song_889,72,16,87
890,Song_890,39,4,93
891,Song_891,104,3,31
892,Song_892,14,16,64
893,Song_893,32,12,71
894,Song_894,179,11,33
895,Song_895,125,5,85
896,Song_896,166,18,2
897,Song_897,97,19,18
898,Song_898,23,6,47
899,Song_899,63,18,33
900,Song_900,143,6,98
901,Song_901,153,4,84
902,Song_902,145,12,35
903,Song_903,194,19,51
904,Song_904,53,2,18
905,Song_905,104,17,88
906,Song_906,104,11,72
907,Song_907,179,11,30
908,Song_908,39,16,44
909,Song_909,179,2,53
910,Song_910,198,2,10
911,Song_911,134,8,87
912,Song_912,67,13,52
913,Song_913,135,10,49
914,Song_914,179,8,11
915,Song_915,200,4,66
916,Song_916,42,15,58
917,Song_917,192,1,90
918,Song_918,15,11,36
919,Song_919,111,7,33
920,Song_920,157,17,47
921,Song_921,33,20,13
922,Song_922,155,18,40
923,Song_923,164,12,89
924,Song_924,157,9,68
925,Song_925,38,5,42
926,Song_926,185,10,19
927,Song_927,97,4,82
928,Song_928,155,5,94
929,Song_929,183,10,19
930,Song_930,33,11,58
931,Song_931,196,10,23
932,Song_932,86,8,54
933,Song_933,66,2,80
934,Song_934,10,8,65
935,Song_935,5,16,12
936,Song_936,123,5,24
937,Song_937,74,3,34
938,Song_938,97,12,53
939,Song_939,118,13,8
940,Song_940,38,13,18
941,Song_941,141,10,57
942,Song_942,159,4,5
943,Song_943,47,9,26
944,Song_944,109,2,30
945,Song_945,180,19,54
946,Song_946,184,1,13
947,Song_947,15,7,83
948,Song_948,157,17,29
949,Song_949,136,3,3
950,Song_950,5,20,90
951,Song_951,157,20,58
952,Song_952,47,3,76
953,Song_953,68,3,2
954,Song_954,76,17,75
955,Song_955,173,7,28
956,Song_956,130,14,82
957,Song_957,155,17,77
958,Song_958,95,18,86
959,Song_959,115,13,76
960,Song_960,164,20,2
961,Song_961,36,20,7
962,Song_962,26,18,26
963,Song_963,43,4,90
964,Song_964,27,1,88
965,Song_965,69,18,76
966,Song_966,148,1,16
967,Song_967,11,13,23
968,Song_968,74,20,40
969,Song_969,104,20,60
970,Song_970,38,10,73
971,Song_971,134,11,32
972,Song_972,200,9,15
973,Song_973,23,9,13
974,Song_974,47,5,5
975,Song_975,90,1,75
976,Song_976,46,17,74
977,Song_977,107,2,52
978,Song_978,140,13,77
979,Song_979,141,9,41
980,Song_980,104,4,53
981,Song_981,190,5,50
982,Song_982,111,11,15
983,Song_983,104,19,7
984,Song_984,60,3,40
985,Song_985,171,12,28
986,Song_986,100,19,32
987,Song_987,68,19,99
988,Song_988,133,13,15
989,Song_989,120,7,85
990,Song_990,37,15,70
991,Song_991,72,7,65
992,Song_992,127,8,4
993,Song_993,106,5,11
994,Song_994,92,14,26
995,Song_995,31,4,61
996,Song_996,122,10,37
997,Song_997,137,20,23
998,Song_998,51,15,93
999,Song_999,29,18,85
1000,Song_1000,40,20,91
1001,Song_1001,41,13,40
1002,Song_1002,11,8,77
1003,Song_1003,151,9,23
1004,Song_1004,1,16,16
1005,Song_1005,46,19,94
1006,Song_1006,101,16,61
1007,Song_1007,149,7,68
1008,Song_1008,90,14,80
1009,Song_1009,110,14,31
1010,Song_1010,164,4,53
1011,Song_1011,182,15,25
1012,Song_1012,57,3,44
1013,Song_1013,1,5,12
1014,Song_1014,63,1,90
1015,Song_1015,182,3,97
1016,Song_1016,55,15,92
1017,Song_1017,115,8,9
1018,Song_1018,168,4,12
1019,Song_1019,143,2,69
1020,Song_1020,149,10,54
1021,Song_1021,175,4,54
1022,Song_1022,53,3,28
1023,Song_1023,137,2,56
1024,Song_1024,180,17,99
1025,Song_1025,57,20,69
1026,Song_1026,117,13,98
1027,Song_1027,154,5,98
1028,Song_1028,169,9,77
1029,Song_1029,35,6,58
1030,Song_1030,63,5,78
1031,Song_1031,25,10,75
1032,Song_1032,90,8,42
1033,Song_1033,75,7,38
1034,Song_1034,38,7,68
1035,Song_1035,130,6,53
1036,Song_1036,135,20,33
1037,Song_1037,162,3,71
1038,Song_1038,91,19,56
1039,Song_1039,17,15,72
1040,Song_1040,128,4,51
1041,Song_1041,171,12,74
1042,Song_1042,187,6,43
1043,Song_1043,108,19,15
1044,Song_1044,179,4,38
1045,Song_1045,182,15,15
1046,Song_1046,152,9,5
1047,Song_1047,25,5,93
1048,Song_1048,199,13,83
1049,Song_1049,180,18,54
1050,Song_1050,198,5,51
1051,Song_1051,88,16,10
1052,Song_1052,161,19,12
1053,Song_1053,177,14,4
1054,Song_1054,29,16,95
1055,Song_1055,63,15,18
1056,Song_1056,150,4,80
1057,Song_1057,154,7,36
1058,Song_1058,156,16,25
1059,Song_1059,114,8,87
1060,Song_1060,49,17,76
1061,Song_1061,199,16,98
1062,Song_1062,81,10,36
1063,Song_1063,84,10,67
1064,Song_1064,105,2,9
1065,Song_1065,177,9,61
1066,Song_1066,148,17,53
1067,Song_1067,118,11,18
1068,Song_1068,86,10,43
1069,Song_1069,63,17,35
1070,Song_1070,189,4,63
1071,Song_1071,104,16,98
1072,Song_1072,49,20,78
1073,Song_1073,71,15,4
1074,Song_1074,1,5,93
1075,Song_1075,141,6,41
1076,Song_1076,179,17,45
1077,Song_1077,123,1,50
1078,Song_1078,184,19,79
1079,Song_1079,62,4,28
1080,Song_1080,32,17,42
1081,Song_1081,158,9,80
1082,Song_1082,29,2,76
1083,Song_1083,49,8,69
1084,Song_1084,173,15,98
1085,Song_1085,30,7,1
1086,Song_1086,144,6,39
1087,Song_1087,168,1,96
1088,Song_1088,19,15,90
1089,Song_1089,18,7,17
1090,Song_1090,1,17,91
1091,Song_1091,78,2,88
1092,Song_1092,115,9,35
1093,Song_1093,175,9,46
1094,Song_1094,194,13,42
1095,Song_1095,113,6,39
1096,Song_1096,114,6,90
1097,Song_1097,166,20,49
1098,Song_1098,179,20,62
1099,Song_1099,63,3,38
1100,Song_1100,132,17,23
1101,Song_1101,129,17,22
1102,Song_1102,8,12,4
1103,Song_1103,157,16,49
1104,Song_1104,55,15,59
1105,Song_1105,103,13,73
1106,Song_1106,131,1,68
1107,Song_1107,32,17,71
1108,Song_1108,10,3,87
1109,Song_1109,110,15,2
1110,Song_1110,162,4,49
1111,Song_1111,124,4,88
1112,Song_1112,87,18,95
1113,Song_1113,55,17,31
1114,Song_1114,32,19,40
1115,Song_1115,178,11,48
1116,Song_1116,135,20,51
1117,Song_1117,93,3,43
1118,Song_1118,8,8,98
1119,Song_1119,65,14,55
1120,Song_1120,57,1,88
1121,Song_1121,67,14,49
1122,Song_1122,187,2,90
1123,Song_1123,72,4,80
1124,Song_1124,54,19,57
1125,Song_1125,67,6,77
1126,Song_1126,51,1,15
1127,Song_1127,97,17,27
1128,Song_1128,92,8,68
1129,Song_1129,8,19,80
1130,Song_1130,162,1,64
1131,Song_1131,35,5,94
1132,Song_1132,96,16,30
1133,Song_1133,88,6,36
1134,Song_1134,78,8,67
1135,Song_1135,32,13,86
1136,Song_1136,120,16,86
1137,Song_1137,46,3,49
1138,Song_1138,144,19,76
1139,Song_1139,196,12,55
1140,Song_1140,165,16,85
1141,Song_1141,182,11,56
1142,Song_1142,142,10,68
1143,Song_1143,55,20,95
1144,Song_1144,176,4,44
1145,Song_1145,7,12,31
1146,Song_1146,74,2,58
1147,Song_1147,7,19,87
1148,Song_1148,161,5,53
1149,Song_1149,151,8,84
1150,Song_1150,85,7,79
1151,Song_1151,147,14,23
1152,Song_1152,112,3,28
1153,Song_1153,125,18,16
1154,Song_1154,147,16,37
1155,Song_1155,36,19,21
1156,Song_1156,29,19,79
1157,Song_1157,188,18,17
1158,Song_1158,82,20,37
1159,Song_1159,2,16,77
1160,Song_1160,129,8,19
1161,Song_1161,47,1,30
1162,Song_1162,197,17,45
1163,Song_1163,148,12,18
1164,Song_1164,11,11,78
1165,Song_1165,130,5,62
1166,Song_1166,195,12,36
1167,Song_1167,119,17,84
1168,Song_1168,140,6,52
1169,Song_1169,20,1,19
1170,Song_1170,5,5,44
1171,Song_1171,37,14,7
1172,Song_1172,166,5,44
1173,Song_1173,137,1,68
1174,Song_1174,53,18,34
1175,Song_1175,172,16,66
1176,Song_1176,99,9,69
1177,Song_1177,86,19,55
1178,Song_1178,108,5,10
1179,Song_1179,24,2,96
1180,Song_1180,81,15,42
1181,Song_1181,158,7,41
1182,Song_1182,120,4,77
1183,Song_1183,59,1,69
1184,Song_1184,128,13,10
1185,Song_1185,114,20,10
1186,Song_1186,115,7,91
1187,Song_1187,14,15,60
1188,Song_1188,9,14,51
1189,Song_1189,40,19,21
1190,Song_1190,194,20,8
1191,Song_1191,25,18,65
1192,Song_1192,103,10,92
1193,Song_1193,22,9,78
1194,Song_1194,4,8,85
1195,Song_1195,154,10,30
1196,Song_1196,186,17,85
1197,Song_1197,29,2,49
1198,Song_1198,109,6,9
1199,Song_1199,98,5,17
1200,Song_1200,37,9,69
1201,Song_1201,75,5,58
1202,Song_1202,70,18,57
1203,Song_1203,146,20,62
1204,Song_1204,128,9,95
1205,Song_1205,85,17,52
1206,Song_1206,42,17,61
1207,Song_1207,100,12,40
1208,Song_1208,41,7,38
1209,Song_1209,166,3,43
1210,Song_1210,34,10,63
1211,Song_1211,17,2,19
1212,Song_1212,165,3,50
1213,Song_1213,153,16,33
1214,Song_1214,122,2,13
1215,Song_1215,76,10,78
1216,Song_1216,87,6,97
1217,Song_1217,117,11,62
1218,Song_1218,106,7,93
1219,Song_1219,86,15,43
1220,Song_1220,27,6,49
1221,Song_1221,57,20,36
1222,Song_1222,31,9,10
1223,Song_1223,134,20,95
1224,Song_1224,168,12,6
1225,Song_1225,98,19,57
1226,Song_1226,12,20,1
1227,Song_1227,53,3,71
1228,Song_1228,199,15,58
1229,Song_1229,138,2,91
1230,Song_1230,173,2,21
1231,Song_1231,145,3,92
1232,Song_1232,154,6,80
1233,Song_1233,190,15,56
1234,Song_1234,122,10,87
1235,Song_1235,46,9,20
1236,Song_1236,64,1,54
1237,Song_1237,130,16,25
1238,Song_1238,54,6,28
1239,Song_1239,107,9,5
1240,Song_1240,193,4,21
1241,Song_1241,51,2,18
1242,Song_1242,181,4,47
1243,Song_1243,36,1,70
1244,Song_1244,115,19,57
1245,Song_1245,26,10,93
1246,Song_1246,29,15,19
1247,Song_1247,149,19,97
1248,Song_1248,11,16,65
1249,Song_1249,40,4,3
1250,Song_1250,11,2,42
1251,Song_1251,164,13,21
1252,Song_1252,113,1,99
1253,Song_1253,187,17,40
1254,Song_1254,39,13,67
1255,Song_1255,54,4,25
1256,Song_1256,98,7,55
1257,Song_1257,55,17,84
1258,Song_1258,111,9,52
1259,Song_1259,152,4,44
1260,Song_1260,150,19,98
1261,Song_1261,69,1,85
1262,Song_1262,56,10,56
1263,Song_1263,33,4,55
1264,Song_1264,36,9,87
1265,Song_1265,148,13,70
1266,Song_1266,81,14,77
1267,Song_1267,190,10,87
1268,Song_1268,109,6,73
1269,Song_1269,154,16,81
1270,Song_1270,194,6,66
1271,Song_1271,73,17,19
1272,Song_1272,40,10,83
1273,Song_1273,17,18,7
1274,Song_1274,129,18,63
1275,Song_1275,61,3,42
1276,Song_1276,171,20,42
1277,Song_1277,104,15,59
1278,Song_1278,42,15,20
1279,Song_1279,25,4,73
1280,Song_1280,39,9,17
1281,Song_1281,35,19,27
1282,Song_1282,131,17,47
1283,Song_1283,108,11,2
1284,Song_1284,172,9,63
1285,Song_1285,179,10,62
1286,Song_1286,102,18,19
1287,Song_1287,98,20,17
1288,Song_1288,12,13,69
1289,Song_1289,19,8,39
1290,Song_1290,101,7,82
1291,Song_1291,44,17,71
1292,Song_1292,187,15,81
1293,Song_1293,49,20,39
1294,Song_1294,189,15,36
1295,Song_1295,17,1,40
1296,Song_1296,74,14,45
1297,Song_1297,57,5,4
1298,Song_1298,55,11,25
1299,Song_1299,47,16,69
1300,Song_1300,12,2,30
1301,Song_1301,62,8,76
1302,Song_1302,80,11,68
1303,Song_1303,83,18,88
1304,Song_1304,8,3,29
1305,Song_1305,149,1,73
1306,Song_1306,81,11,68
1307,Song_1307,118,16,51
1308,Song_1308,198,18,24
1309,Song_1309,200,16,14
1310,Song_1310,25,10,69
1311,Song_1311,89,18,18
1312,Song_1312,12,6,42
1313,Song_1313,143,19,57
1314,Song_1314,59,4,83
1315,Song_1315,154,13,12
1316,Song_1316,109,14,82
1317,Song_1317,26,3,17
1318,Song_1318,47,10,30
1319,Song_1319,32,6,88
1320,Song_1320,10,1,75
1321,Song_1321,16,14,99
1322,Song_1322,199,8,23
1323,Song_1323,145,19,81
1324,Song_1324,151,14,1
1325,Song_1325,26,10,79
1326,Song_1326,86,17,32
1327,Song_1327,135,9,9
1328,Song_1328,14,6,15
1329,Song_1329,79,11,28
1330,Song_1330,117,7,24
1331,Song_1331,7,17,60
1332,Song_1332,137,1,35
1333,Song_1333,115,5,86
1334,Song_1334,176,9,27
1335,Song_1335,72,18,83
1336,Song_1336,59,2,76
1337,Song_1337,82,11,20
1338,Song_1338,116,6,65
1339,Song_1339,167,8,85
1340,Song_1340,146,4,49
1341,Song_1341,187,18,1
1342,Song_1342,103,11,10
1343,Song_1343,17,5,47
1344,Song_1344,14,15,59
1345,Song_1345,159,18,96
1346,Song_1346,152,2,62
1347,Song_1347,108,11,86
1348,Song_1348,188,13,18
1349,Song_1349,45,4,46
1350,Song_1350,98,7,32
1351,Song_1351,131,11,27
1352,Song_1352,37,4,92
1353,Song_1353,171,15,18
1354,Song_1354,168,1,39
1355,Song_1355,183,3,49
1356,Song_1356,108,14,93
1357,Song_1357,39,6,82
1358,Song_1358,15,18,44
1359,Song_1359,120,1,72
1360,Song_1360,4,6,54
1361,Song_1361,93,6,95
1362,Song_1362,153,16,34
1363,Song_1363,141,5,71
1364,Song_1364,161,17,36
1365,Song_1365,16,10,18
1366,Song_1366,170,18,38
1367,Song_1367,108,7,59
1368,Song_1368,126,3,9
1369,Song_1369,194,13,73
1370,Song_1370,55,15,72
1371,Song_1371,170,20,51
1372,Song_1372,34,19,35
1373,Song_1373,158,3,82
1374,Song_1374,13,4,5
1375,Song_1375,141,5,14
1376,Song_1376,18,1,92
1377,Song_1377,160,4,30
1378,Song_1378,96,12,4
1379,Song_1379,123,10,39
1380,Song_1380,39,20,84
1381,Song_1381,46,13,64
1382,Song_1382,29,14,25
1383,Song_1383,190,5,28
1384,Song_1384,62,4,76
1385,Song_1385,185,14,66
1386,Song_1386,16,10,78
1387,Song_1387,184,17,22
1388,Song_1388,121,10,31
1389,Song_1389,10,7,23
1390,Song_1390,158,16,48
1391,Song_1391,153,1,20
1392,Song_1392,103,17,38
1393,Song_1393,84,9,55
1394,Song_1394,133,6,68
1395,Song_1395,65,19,79
1396,Song_1396,177,13,88
1397,Song_1397,3,3,89
1398,Song_1398,173,7,1
1399,Song_1399,142,9,7
1400,Song_1400,120,5,57
1401,Song_1401,158,10,95
1402,Song_1402,68,17,12
1403,Song_1403,146,12,5
1404,Song_1404,190,16,50
1405,Song_1405,37,3,42
1406,Song_1406,153,9,12
1407,Song_1407,176,15,18
1408,Song_1408,193,5,66
1409,Song_1409,181,13,74
1410,Song_1410,73,14,79
1411,Song_1411,143,20,94
1412,Song_1412,49,15,17
1413,Song_1413,121,16,68
1414,Song_1414,88,13,71
1415,Song_1415,196,17,62
1416,Song_1416,140,8,41
1417,Song_1417,187,2,95
1418,Song_1418,37,5,34
1419,Song_1419,61,6,70
1420,Song_1420,171,12,45
1421,Song_1421,124,18,58
1422,Song_1422,198,1,51
1423,Song_1423,39,17,34
1424,Song_1424,184,11,44
1425,Song_1425,63,10,15
1426,Song_1426,46,19,78
1427,Song_1427,88,14,70
1428,Song_1428,11,10,50
1429,Song_1429,62,15,32
1430,Song_1430,77,19,67
1431,Song_1431,153,4,3
1432,Song_1432,199,2,86
1433,Song_1433,52,9,86
1434,Song_1434,4,10,74
1435,Song_1435,59,11,51
1436,Song_1436,72,14,67
1437,Song_1437,148,7,76
1438,Song_1438,93,15,93
1439,Song_1439,63,19,48
1440,Song_1440,54,15,17
1441,Song_1441,117,8,7
1442,Song_1442,110,11,13
1443,Song_1443,74,9,66
1444,Song_1444,107,15,4
1445,Song_1445,57,1,10
1446,Song_1446,169,1,88
1447,Song_1447,3,19,17
1448,Song_1448,120,3,52
1449,Song_1449,6,10,6
1450,Song_1450,5,8,83
1451,Song_1451,5,15,69
1452,Song_1452,54,10,96
1453,Song_1453,47,1,74
1454,Song_1454,177,18,9
1455,Song_1455,9,2,91
1456,Song_1456,99,19,77
1457,Song_1457,20,13,83
1458,Song_1458,122,1,21
1459,Song_1459,61,2,24
1460,Song_1460,123,16,4
1461,Song_1461,163,15,24
1462,Song_1462,178,13,59
1463,Song_1463,82,16,99
1464,Song_1464,62,17,3
1465,Song_1465,145,7,68
1466,Song_1466,3,17,40
1467,Song_1467,160,7,48
1468,Song_1468,13,13,54
1469,Song_1469,120,5,35
1470,Song_1470,125,17,95
1471,Song_1471,89,3,56
1472,Song_1472,73,7,89
1473,Song_1473,68,17,40
1474,Song_1474,142,7,77
1475,Song_1475,101,1,68
1476,Song_1476,98,17,46
1477,Song_1477,11,17,78
1478,Song_1478,105,11,13
1479,Song_1479,184,3,27
1480,Song_1480,67,15,6
1481,Song_1481,123,11,17
1482,Song_1482,29,16,36
1483,Song_1483,137,9,99
1484,Song_1484,195,1,81
1485,Song_1485,153,16,2
1486,Song_1486,76,9,77
1487,Song_1487,170,19,52
1488,Song_1488,9,12,66
1489,Song_1489,40,19,52
1490,Song_1490,25,9,92
1491,Song_1491,5,7,43
1492,Song_1492,139,14,90
1493,Song_1493,187,19,22
1494,Song_1494,124,19,55
1495,Song_1495,38,2,67
1496,Song_1496,72,9,99
1497,Song_1497,133,13,60
1498,Song_1498,176,15,58
1499,Song_1499,90,3,12
1500,Song_1500,146,11,88
1501,Song_1501,198,14,69
1502,Song_1502,37,8,84
1503,Song_1503,60,18,39
1504,Song_1504,176,19,13
1505,Song_1505,28,16,41
1506,Song_1506,197,2,57
1507,Song_1507,81,8,53
1508,Song_1508,114,6,12
1509,Song_1509,40,12,13
1510,Song_1510,45,15,74
1511,Song_1511,62,8,97
1512,Song_1512,93,4,57
1513,Song_1513,115,15,40
1514,Song_1514,186,20,80
1515,Song_1515,67,17,45
1516,Song_1516,56,13,35
1517,Song_1517,40,18,3
1518,Song_1518,98,2,5
1519,Song_1519,40,13,90
1520,Song_1520,91,13,11
1521,Song_1521,33,15,71
1522,Song_1522,6,20,56
1523,Song_1523,147,10,10
1524,Song_1524,80,3,34
1525,Song_1525,168,19,67
1526,Song_1526,92,3,72
1527,Song_1527,97,14,31
1528,Song_1528,59,8,75
1529,Song_1529,59,4,71
1530,Song_1530,48,20,66
1531,Song_1531,169,11,70
1532,Song_1532,13,11,41
1533,Song_1533,107,11,63
1534,Song_1534,45,2,32
1535,Song_1535,89,17,20
1536,Song_1536,181,9,57
1537,Song_1537,170,2,98
1538,Song_1538,100,15,50
1539,Song_1539,191,16,80
1540,Song_1540,155,4,25
1541,Song_1541,166,8,12
1542,Song_1542,188,9,71
1543,Song_1543,7,5,39
1544,Song_1544,133,16,17
1545,Song_1545,45,13,45
1546,Song_1546,58,7,11
1547,Song_1547,31,20,70
1548,Song_1548,23,17,23
1549,Song_1549,170,3,91
1550,Song_1550,138,5,70
1551,Song_1551,160,19,38
1552,Song_1552,107,12,2
1553,Song_1553,181,7,86
1554,Song_1554,158,9,84
1555,Song_1555,39,6,89
1556,Song_1556,159,17,79
1557,Song_1557,82,16,93
1558,Song_1558,100,3,72
1559,Song_1559,2,4,37
1560,Song_1560,77,10,49
1561,Song_1561,12,5,52
1562,Song_1562,39,10,33
1563,Song_1563,194,12,22
1564,Song_1564,13,10,5
1565,Song_1565,46,13,18
1566,Song_1566,155,11,38
1567,Song_1567,113,16,37
1568,Song_1568,17,8,94
1569,Song_1569,104,8,95
1570,Song_1570,98,8,64
1571,Song_1571,188,13,10
1572,Song_1572,192,2,79
1573,Song_1573,88,12,42
1574,Song_1574,109,10,48
1575,Song_1575,163,12,44
1576,Song_1576,70,11,82
1577,Song_1577,158,15,87
1578,Song_1578,199,16,97
1579,Song_1579,74,17,16
1580,Song_1580,63,2,54
1581,Song_1581,156,18,35
1582,Song_1582,60,12,98
1583,Song_1583,79,19,28
1584,Song_1584,37,18,2
1585,Song_1585,22,17,94
1586,Song_1586,196,6,13
1587,Song_1587,148,15,41
1588,Song_1588,96,3,80
1589,Song_1589,68,6,59
1590,Song_1590,192,3,69
1591,Song_1591,17,1,92
1592,Song_1592,12,13,53
1593,Song_1593,150,14,45
1594,Song_1594,145,13,20
1595,Song_1595,138,4,24
1596,Song_1596,118,7,61
1597,Song_1597,193,10,91
1598,Song_1598,22,7,94
1599,Song_1599,120,15,58
1600,Song_1600,50,15,27
1601,Song_1601,14,4,26
1602,Song_1602,192,6,7
1603,Song_1603,175,20,42
1604,Song_1604,29,5,47
1605,Song_1605,164,20,53
1606,Song_1606,180,12,59
1607,Song_1607,125,1,38
1608,Song_1608,7,8,69
1609,Song_1609,29,1,87
1610,Song_1610,139,5,92
1611,Song_1611,33,6,98
1612,Song_1612,134,3,53
1613,Song_1613,111,15,15
1614,Song_1614,79,5,96
1615,Song_1615,160,14,26
1616,Song_1616,179,18,48
1617,Song_1617,58,16,95
1618,Song_1618,26,6,19
1619,Song_1619,174,14,9
1620,Song_1620,29,8,64
1621,Song_1621,4,7,93
1622,Song_1622,99,8,54
1623,Song_1623,141,13,51
1624,Song_1624,39,6,39
1625,Song_1625,15,18,4
1626,Song_1626,119,2,3
1627,Song_1627,29,8,64
1628,Song_1628,157,11,29
1629,Song_1629,75,1,11
1630,Song_1630,116,6,97
1631,Song_1631,32,16,58
1632,Song_1632,130,20,75
1633,Song_1633,175,12,27
1634,Song_1634,84,11,97
1635,Song_1635,22,10,21
1636,Song_1636,27,3,39
1637,Song_1637,195,13,95
1638,Song_1638,81,3,46
1639,Song_1639,126,15,66
1640,Song_1640,184,16,91
1641,Song_1641,92,13,36
1642,Song_1642,21,17,75
1643,Song_1643,47,3,82
1644,Song_1644,101,20,65
1645,Song_1645,187,11,63
1646,Song_1646,84,19,99
1647,Song_1647,6,11,35
1648,Song_1648,147,16,31
1649,Song_1649,185,3,28
1650,Song_1650,197,6,1
1651,Song_1651,131,14,25
1652,Song_1652,1,18,43
1653,Song_1653,58,17,84
1654,Song_1654,124,4,67
1655,Song_1655,166,15,63
1656,Song_1656,15,11,51
1657,Song_1657,162,3,2
1658,Song_1658,189,3,82
1659,Song_1659,163,16,64
1660,Song_1660,64,5,74
1661,Song_1661,25,10,69
1662,Song_1662,24,19,9
1663,Song_1663,12,4,2
1664,Song_1664,18,19,34
1665,Song_1665,15,11,60
1666,Song_1666,27,2,61
1667,Song_1667,72,10,31
1668,Song_1668,60,11,10
1669,Song_1669,174,20,76
1670,Song_1670,145,16,36
1671,Song_1671,93,19,85
1672,Song_1672,53,11,49
1673,Song_1673,8,14,70
1674,Song_1674,79,2,49
1675,Song_1675,27,5,3
1676,Song_1676,174,5,74
1677,Song_1677,50,19,5
1678,Song_1678,199,12,90
1679,Song_1679,131,18,61
1680,Song_1680,93,4,85
1681,Song_1681,192,17,90
1682,Song_1682,172,10,26
1683,Song_1683,181,20,72
1684,Song_1684,24,6,5
1685,Song_1685,60,14,15
1686,Song_1686,122,11,16
1687,Song_1687,131,11,1
1688,Song_1688,148,18,16
1689,Song_1689,46,18,37
1690,Song_1690,15,11,3
1691,Song_1691,153,12,52
1692,Song_1692,199,5,47
1693,Song_1693,17,9,95
1694,Song_1694,126,9,13
1695,Song_1695,84,10,80
1696,Song_1696,9,19,55
1697,Song_1697,166,1,21
1698,Song_1698,176,7,66
1699,Song_1699,188,4,54
1700,Song_1700,63,1,27
1701,Song_1701,117,15,38
1702,Song_1702,130,8,90
1703,Song_1703,88,12,58
1704,Song_1704,72,18,62
1705,Song_1705,139,15,46
1706,Song_1706,64,17,89
1707,Song_1707,72,14,11
1708,Song_1708,21,14,72
1709,Song_1709,18,18,8
1710,Song_1710,64,20,97
1711,Song_1711,82,18,71
1712,Song_1712,110,16,64
1713,Song_1713,95,1,21
1714,Song_1714,166,11,72
1715,Song_1715,32,15,63
1716,Song_1716,11,12,85
1717,Song_1717,45,8,64
1718,Song_1718,33,20,20
1719,Song_1719,102,6,8
1720,Song_1720,169,3,58
1721,Song_1721,136,13,46
1722,Song_1722,11,13,31
1723,Song_1723,179,2,93
1724,Song_1724,88,5,9
1725,Song_1725,41,17,15
1726,Song_1726,145,6,94
1727,Song_1727,76,2,26
1728,Song_1728,121,4,10
1729,Song_1729,46,11,29
1730,Song_1730,160,8,80
1731,Song_1731,80,12,36
1732,Song_1732,54,8,84
1733,Song_1733,86,11,37
1734,Song_1734,92,20,86
1735,Song_1735,148,8,71
1736,Song_1736,161,8,23
1737,Song_1737,168,17,41
1738,Song_1738,160,20,93
1739,Song_1739,97,20,80
1740,Song_1740,2,16,28
1741,Song_1741,33,14,48
1742,Song_1742,158,11,38
1743,Song_1743,161,7,31
1744,Song_1744,77,16,14
1745,Song_1745,116,13,97
1746,Song_1746,154,15,73
1747,Song_1747,150,16,91
1748,Song_1748,103,9,88
1749,Song_1749,194,3,77
1750,Song_1750,166,19,90
1751,Song_1751,103,20,29
1752,Song_1752,90,5,51
1753,Song_1753,174,10,49
1754,Song_1754,122,17,43
1755,Song_1755,143,15,92
1756,Song_1756,106,8,92
1757,Song_1757,119,15,72
1758,Song_1758,172,14,87
1759,Song_1759,49,20,93
1760,Song_1760,104,7,5
1761,Song_1761,61,12,42
1762,Song_1762,195,17,7
1763,Song_1763,123,17,42
1764,Song_1764,134,10,36
1765,Song_1765,9,19,27
1766,Song_1766,6,14,58
1767,Song_1767,73,11,46
1768,Song_1768,103,2,66
1769,Song_1769,160,18,25
1770,Song_1770,41,7,73
1771,Song_1771,114,12,27
1772,Song_1772,8,2,1
1773,Song_1773,72,20,87
1774,Song_1774,178,18,74
1775,Song_1775,92,6,42
1776,Song_1776,62,10,52
1777,Song_1777,84,20,25
1778,Song_1778,62,15,54
1779,Song_1779,111,5,67
1780,Song_1780,127,20,6
1781,Song_1781,7,3,58
1782,Song_1782,84,5,70
1783,Song_1783,132,8,53
1784,Song_1784,134,8,66
1785,Song_1785,58,8,58
1786,Song_1786,22,12,82
1787,Song_1787,154,8,87
1788,Song_1788,127,11,2
1789,Song_1789,3,14,76
1790,Song_1790,127,8,22
1791,Song_1791,41,10,37
1792,Song_1792,188,7,20
1793,Song_1793,106,17,24
1794,Song_1794,14,4,84
1795,Song_1795,12,13,65
1796,Song_1796,87,4,65
1797,Song_1797,12,5,81
1798,Song_1798,141,4,1
1799,Song_1799,25,18,94
1800,Song_1800,45,6,3
1801,Song_1801,122,2,46
1802,Song_1802,147,11,55
1803,Song_1803,55,14,75
1804,Song_1804,100,5,88
1805,Song_1805,173,6,86
1806,Song_1806,136,10,64
1807,Song_1807,119,8,45
1808,Song_1808,53,14,26
1809,Song_1809,183,3,77
1810,Song_1810,32,12,65
1811,Song_1811,51,16,24
1812,Song_1812,44,17,74
1813,Song_1813,82,1,35
1814,Song_1814,198,10,24
1815,Song_1815,146,10,28
1816,Song_1816,150,2,80
1817,Song_1817,37,9,16
1818,Song_1818,96,13,59
1819,Song_1819,56,16,81
1820,Song_1820,105,18,54
1821,Song_1821,59,19,79
1822,Song_1822,131,12,16
1823,Song_1823,156,8,15
1824,Song_1824,35,17,98
1825,Song_1825,189,15,11
1826,Song_1826,93,10,65
1827,Song_1827,182,15,79
1828,Song_1828,191,15,90
1829,Song_1829,97,7,68
1830,Song_1830,135,13,43
1831,Song_1831,76,17,69
1832,Song_1832,49,9,99
1833,Song_1833,94,8,13
1834,Song_1834,159,20,10
1835,Song_1835,186,18,75
1836,Song_1836,189,13,82
1837,Song_1837,24,16,98
1838,Song_1838,148,9,41
1839,Song_1839,37,12,50
1840,Song_1840,4,12,87
1841,Song_1841,108,6,71
1842,Song_1842,126,19,59
1843,Song_1843,20,7,39
1844,Song_1844,188,3,3
1845,Song_1845,152,16,76
1846,Song_1846,50,18,7
1847,Song_1847,177,16,49
1848,Song_1848,179,7,26
1849,Song_1849,96,4,33
1850,Song_1850,105,8,48
1851,Song_1851,164,13,79
1852,Song_1852,117,13,2
1853,Song_1853,98,17,71
1854,Song_1854,66,17,32
1855,Song_1855,79,5,4
1856,Song_1856,162,6,20
1857,Song_1857,164,19,36
1858,Song_1858,6,13,32
1859,Song_1859,39,14,28
1860,Song_1860,170,4,77
1861,Song_1861,115,7,1
1862,Song_1862,186,8,60
1863,Song_1863,125,13,56
1864,Song_1864,12,6,35
1865,Song_1865,131,6,30
1866,Song_1866,18,3,54
1867,Song_1867,40,3,36
1868,Song_1868,21,13,55
1869,Song_1869,143,2,89
1870,Song_1870,99,16,80
1871,Song_1871,26,6,58
1872,Song_1872,8,8,83
1873,Song_1873,100,8,65
1874,Song_1874,87,6,69
1875,Song_1875,42,14,51
1876,Song_1876,172,3,22
1877,Song_1877,14,10,88
1878,Song_1878,78,3,53
1879,Song_1879,2,12,36
1880,Song_1880,119,17,68
1881,Song_1881,37,5,36
1882,Song_1882,69,20,52
1883,Song_1883,166,9,53
1884,Song_1884,41,20,82
1885,Song_1885,62,7,50
1886,Song_1886,60,4,80
1887,Song_1887,125,13,41
1888,Song_1888,111,13,18
1889,Song_1889,14,10,22
1890,Song_1890,84,18,66
1891,Song_1891,130,17,21
1892,Song_1892,70,20,44
1893,Song_1893,145,20,47
1894,Song_1894,123,13,39
1895,Song_1895,89,17,29
1896,Song_1896,28,4,54
1897,Song_1897,66,1,90
1898,Song_1898,163,1,85
1899,Song_1899,5,15,17
1900,Song_1900,193,13,80
1901,Song_1901,168,17,60
1902,Song_1902,184,8,31
1903,Song_1903,164,18,73
1904,Song_1904,45,13,95
1905,Song_1905,151,14,78
1906,Song_1906,47,8,49
1907,Song_1907,31,8,2
1908,Song_1908,139,15,48
1909,Song_1909,10,13,14
1910,Song_1910,195,7,59
1911,Song_1911,118,5,97
1912,Song_1912,14,17,99
1913,Song_1913,80,16,58
1914,Song_1914,93,2,58
1915,Song_1915,10,18,51
1916,Song_1916,76,17,84
1917,Song_1917,94,7,2
1918,Song_1918,105,13,41
1919,Song_1919,1,18,83
1920,Song_1920,133,14,82
1921,Song_1921,20,18,16
1922,Song_1922,8,13,4
1923,Song_1923,171,11,12
1924,Song_1924,1,16,29
1925,Song_1925,57,17,7
1926,Song_1926,64,8,14
1927,Song_1927,118,19,12
1928,Song_1928,28,20,99
1929,Song_1929,121,15,5
1930,Song_1930,107,9,81
1931,Song_1931,165,20,32
1932,Song_1932,175,10,74
1933,Song_1933,165,12,43
1934,Song_1934,49,20,81
1935,Song_1935,120,1,69
1936,Song_1936,44,20,45
1937,Song_1937,56,9,9
1938,Song_1938,156,15,49
1939,Song_1939,111,1,33
1940,Song_1940,134,12,18
1941,Song_1941,108,3,9
1942,Song_1942,189,11,62
1943,Song_1943,148,2,57
1944,Song_1944,114,16,29
1945,Song_1945,78,9,78
1946,Song_1946,130,15,25
1947,Song_1947,37,12,15
1948,Song_1948,20,1,6
1949,Song_1949,26,13,42
1950,Song_1950,29,14,29
1951,Song_1951,1,8,79
1952,Song_1952,119,8,93
1953,Song_1953,35,12,4
1954,Song_1954,198,1,82
1955,Song_1955,59,11,57
1956,Song_1956,69,8,49
1957,Song_1957,161,10,44
1958,Song_1958,179,19,80
1959,Song_1959,12,11,75
1960,Song_1960,20,7,14
1961,Song_1961,181,11,3
1962,Song_1962,43,17,62
1963,Song_1963,126,1,64
1964,Song_1964,50,8,45
1965,Song_1965,29,6,82
1966,Song_1966,185,18,58
1967,Song_1967,39,6,20
1968,Song_1968,184,5,58
1969,Song_1969,171,13,89
1970,Song_1970,178,19,57
1971,Song_1971,151,8,77
1972,Song_1972,172,9,68
1973,Song_1973,38,17,78
1974,Song_1974,84,3,97
1975,Song_1975,151,19,92
1976,Song_1976,128,11,52
1977,Song_1977,126,17,37
1978,Song_1978,45,19,8
1979,Song_1979,52,2,44
1980,Song_1980,80,8,98
1981,Song_1981,178,19,5
1982,Song_1982,124,7,69
1983,Song_1983,119,17,31
1984,Song_1984,8,6,45
1985,Song_1985,85,19,9
1986,Song_1986,129,6,32
1987,Song_1987,8,2,33
1988,Song_1988,157,6,67
1989,Song_1989,96,5,30
1990,Song_1990,102,19,76
1991,Song_1991,5,20,29
1992,Song_1992,86,4,3
1993,Song_1993,175,17,90
1994,Song_1994,34,11,57
1995,Song_1995,193,4,30
1996,Song_1996,55,13,9
1997,Song_1997,119,20,26
1998,Song_1998,171,17,2
1999,Song_1999,158,9,62
2000,Song_2000,114,4,3
2001,Song_2001,145,14,46
2002,Song_2002,26,19,68
2003,Song_2003,136,3,25
2004,Song_2004,47,14,51
2005,Song_2005,113,8,13
2006,Song_2006,76,1,44
2007,Song_2007,72,10,35
2008,Song_2008,89,18,55
2009,Song_2009,46,16,87
2010,Song_2010,196,8,9
2011,Song_2011,33,1,2
2012,Song_2012,1,12,61
2013,Song_2013,147,8,41
2014,Song_2014,31,16,44
2015,Song_2015,142,18,64
2016,Song_2016,53,4,31
2017,Song_2017,48,6,47
2018,Song_2018,69,12,2
2019,Song_2019,105,9,96
2020,Song_2020,90,15,82
2021,Song_2021,190,16,77
2022,Song_2022,194,12,69
2023,Song_2023,192,14,58
2024,Song_2024,198,13,44
2025,Song_2025,63,2,74
2026,Song_2026,73,3,56
2027,Song_2027,161,10,43
2028,Song_2028,169,9,89
2029,Song_2029,89,20,34
2030,Song_2030,176,8,30
2031,Song_2031,13,10,71
2032,Song_2032,73,19,70
2033,Song_2033,77,3,55
2034,Song_2034,159,5,67
2035,Song_2035,68,3,13
2036,Song_2036,98,16,3
2037,Song_2037,125,17,26
2038,Song_2038,102,15,57
2039,Song_2039,132,3,24
2040,Song_2040,102,12,53
2041,Song_2041,19,9,70
2042,Song_2042,198,12,43
2043,Song_2043,82,15,60
2044,Song_2044,141,2,58
2045,Song_2045,23,18,49
2046,Song_2046,83,20,42
2047,Song_2047,109,12,76
2048,Song_2048,75,4,66
2049,Song_2049,129,16,11
2050,Song_2050,88,16,98
2051,Song_2051,54,1,90
2052,Song_2052,199,2,18
2053,Song_2053,89,3,85
2054,Song_2054,143,20,52
2055,Song_2055,65,17,46
2056,Song_2056,76,20,44
2057,Song_2057,199,1,22
2058,Song_2058,143,20,53
2059,Song_2059,149,6,59
2060,Song_2060,147,15,94
2061,Song_2061,60,14,30
2062,Song_2062,93,20,8
2063,Song_2063,161,15,98
2064,Song_2064,49,14,57
2065,Song_2065,35,5,73
2066,Song_2066,172,6,20
2067,Song_2067,102,17,25
2068,Song_2068,11,11,19
2069,Song_2069,99,16,5
2070,Song_2070,200,12,75
2071,Song_2071,110,15,79
2072,Song_2072,74,4,72
2073,Song_2073,194,18,83
2074,Song_2074,174,3,87
2075,Song_2075,9,8,27
2076,Song_2076,3,3,40
2077,Song_2077,85,8,96
2078,Song_2078,26,18,26
2079,Song_2079,72,10,27
2080,Song_2080,48,20,62
2081,Song_2081,194,17,83
2082,Song_2082,198,8,50
2083,Song_2083,156,11,42
2084,Song_2084,117,5,29
2085,Song_2085,154,13,39
2086,Song_2086,153,5,60
2087,Song_2087,12,13,41
2088,Song_2088,133,6,33
2089,Song_2089,48,5,83
2090,Song_2090,37,9,83
2091,Song_2091,44,16,97
2092,Song_2092,15,2,16
2093,Song_2093,43,1,23
2094,Song_2094,176,8,7
2095,Song_2095,87,19,26
2096,Song_2096,70,11,96
2097,Song_2097,46,12,12
2098,Song_2098,108,12,72
2099,Song_2099,123,7,5
2100,Song_2100,171,13,92
2101,Song_2101,21,8,69
2102,Song_2102,151,9,49
2103,Song_2103,107,7,26
2104,Song_2104,80,15,5
2105,Song_2105,47,2,22
2106,Song_2106,117,20,79
2107,Song_2107,124,12,13
2108,Song_2108,143,1,28
2109,Song_2109,25,8,33
2110,Song_2110,36,5,23
2111,Song_2111,51,15,97
2112,Song_2112,15,1,18
2113,Song_2113,68,1,30
2114,Song_2114,21,10,26
2115,Song_2115,141,10,16
2116,Song_2116,19,15,77
2117,Song_2117,34,17,39
2118,Song_2118,78,6,33
2119,Song_2119,125,3,26
2120,Song_2120,196,13,48
2121,Song_2121,117,16,65
2122,Song_2122,52,8,38
2123,Song_2123,27,15,2
2124,Song_2124,157,17,6
2125,Song_2125,156,17,46
2126,Song_2126,35,13,50
2127,Song_2127,136,17,38
2128,Song_2128,144,6,88
2129,Song_2129,106,17,18
2130,Song_2130,164,16,27
2131,Song_2131,158,14,41
2132,Song_2132,146,13,72
2133,Song_2133,2,6,92
2134,Song_2134,177,3,74
2135,Song_2135,77,14,17
2136,Song_2136,132,14,62
2137,Song_2137,90,15,29
2138,Song_2138,89,8,58
2139,Song_2139,94,15,70
2140,Song_2140,7,13,78
2141,Song_2141,95,17,22
2142,Song_2142,108,3,6
2143,Song_2143,74,6,26
2144,Song_2144,39,5,39
2145,Song_2145,141,17,12
2146,Song_2146,159,2,99
2147,Song_2147,71,15,14
2148,Song_2148,191,5,22
2149,Song_2149,56,20,51
2150,Song_2150,170,6,23
2151,Song_2151,189,6,48
2152,Song_2152,42,18,71
2153,Song_2153,184,18,50
2154,Song_2154,36,4,89
2155,Song_2155,84,17,13
2156,Song_2156,196,14,85
2157,Song_2157,118,14,10
2158,Song_2158,7,13,55
2159,Song_2159,54,7,9
2160,Song_2160,129,12,79
2161,Song_2161,172,15,52
2162,Song_2162,120,19,2
2163,Song_2163,173,11,25
2164,Song_2164,106,15,13
2165,Song_2165,47,12,98
2166,Song_2166,123,3,51
2167,Song_2167,141,17,58
2168,Song_2168,119,3,34
2169,Song_2169,150,19,35
2170,Song_2170,118,20,3
2171,Song_2171,21,4,59
2172,Song_2172,137,3,70
2173,Song_2173,26,16,48
2174,Song_2174,9,12,64
2175,Song_2175,15,8,19
2176,Song_2176,10,17,67
2177,Song_2177,122,7,82
2178,Song_2178,121,11,73
2179,Song_2179,125,18,76
2180,Song_2180,170,1,5
2181,Song_2181,72,3,67
2182,Song_2182,152,4,11
2183,Song_2183,49,13,94
2184,Song_2184,154,6,68
2185,Song_2185,91,14,69
2186,Song_2186,37,5,1
2187,Song_2187,68,16,91
2188,Song_2188,50,15,92
2189,Song_2189,152,15,63
2190,Song_2190,19,4,29
2191,Song_2191,100,8,82
2192,Song_2192,60,16,12
2193,Song_2193,167,16,77
2194,Song_2194,89,4,41
2195,Song_2195,146,13,2
2196,Song_2196,147,13,37
2197,Song_2197,164,2,45
2198,Song_2198,183,3,80
2199,Song_2199,69,8,48
2200,Song_2200,175,15,24
2201,Song_2201,49,11,99
2202,Song_2202,108,9,22
2203,Song_2203,161,7,11
2204,Song_2204,119,13,58
2205,Song_2205,149,2,46
2206,Song_2206,150,8,29
2207,Song_2207,176,7,35
2208,Song_2208,37,12,15
2209,Song_2209,143,19,60
2210,Song_2210,163,7,95
2211,Song_2211,199,10,42
2212,Song_2212,160,16,43
2213,Song_2213,11,3,80
2214,Song_2214,138,10,74
2215,Song_2215,78,6,49
2216,Song_2216,77,18,64
2217,Song_2217,185,18,32
2218,Song_2218,153,5,64
2219,Song_2219,2,7,2
2220,Song_2220,64,2,24
2221,Song_2221,35,11,87
2222,Song_2222,7,13,66
2223,Song_2223,85,5,38
2224,Song_2224,146,6,31
2225,Song_2225,67,14,26
2226,Song_2226,42,12,29
2227,Song_2227,118,4,67
2228,Song_2228,125,6,78
2229,Song_2229,167,10,25
2230,Song_2230,169,18,48
2231,Song_2231,24,15,65
2232,Song_2232,188,8,53
2233,Song_2233,46,9,67
2234,Song_2234,19,5,90
2235,Song_2235,68,10,18
2236,Song_2236,102,20,9
2237,Song_2237,42,6,38
2238,Song_2238,32,16,87
2239,Song_2239,167,3,21
2240,Song_2240,109,10,65
2241,Song_2241,36,11,21
2242,Song_2242,97,11,27
2243,Song_2243,164,17,70
2244,Song_2244,131,4,44
2245,Song_2245,73,4,28
2246,Song_2246,136,17,45
2247,Song_2247,97,9,17
2248,Song_2248,123,19,40
2249,Song_2249,70,5,3
2250,Song_2250,169,6,76
2251,Song_2251,196,3,76
2252,Song_2252,13,1,66
2253,Song_2253,49,20,46
2254,Song_2254,60,16,86
2255,Song_2255,130,11,87
2256,Song_2256,188,13,30
2257,Song_2257,5,10,69
2258,Song_2258,172,3,9
2259,Song_2259,27,9,85
2260,Song_2260,160,12,11
2261,Song_2261,149,14,69
2262,Song_2262,8,1,99
2263,Song_2263,200,18,91
2264,Song_2264,50,17,66
2265,Song_2265,67,9,88
2266,Song_2266,44,9,31
2267,Song_2267,125,10,33
2268,Song_2268,58,19,39
2269,Song_2269,3,15,94
2270,Song_2270,86,5,46
2271,Song_2271,70,15,37
2272,Song_2272,130,20,92
2273,Song_2273,172,2,60
2274,Song_2274,2,13,31
2275,Song_2275,102,16,11
2276,Song_2276,35,15,87
2277,Song_2277,98,10,2
2278,Song_2278,30,14,27
2279,Song_2279,116,10,99
2280,Song_2280,8,14,2
2281,Song_2281,150,9,21
2282,Song_2282,44,14,58
2283,Song_2283,186,3,5
2284,Song_2284,36,20,52
2285,Song_2285,197,16,45
2286,Song_2286,77,2,85
2287,Song_2287,31,10,93
2288,Song_2288,47,3,20
2289,Song_2289,55,11,61
2290,Song_2290,106,11,38
2291,Song_2291,190,13,20
2292,Song_2292,158,7,25
2293,Song_2293,121,17,2
2294,Song_2294,55,2,32
2295,Song_2295,144,12,26
2296,Song_2296,12,10,70
2297,Song_2297,145,18,41
2298,Song_2298,144,11,67
2299,Song_2299,140,16,97
2300,Song_2300,136,17,1
2301,Song_2301,3,19,51
2302,Song_2302,144,18,5
2303,Song_2303,30,3,13
2304,Song_2304,23,16,19
2305,Song_2305,92,6,12
2306,Song_2306,115,12,48
2307,Song_2307,104,11,25
2308,Song_2308,118,15,57
2309,Song_2309,5,15,35
2310,Song_2310,104,16,76
2311,Song_2311,108,10,94
2312,Song_2312,65,12,5
2313,Song_2313,121,13,98
2314,Song_2314,30,4,22
2315,Song_2315,149,7,77
2316,Song_2316,84,2,57
2317,Song_2317,198,15,47
2318,Song_2318,150,8,54
2319,Song_2319,200,7,3
2320,Song_2320,32,15,53
2321,Song_2321,161,14,84
2322,Song_2322,16,8,31
2323,Song_2323,38,12,69
2324,Song_2324,142,13,88
2325,Song_2325,36,11,33
2326,Song_2326,151,17,72
2327,Song_2327,114,17,88
2328,Song_2328,66,4,50
2329,Song_2329,105,8,84
2330,Song_2330,85,5,16
2331,Song_2331,2,16,76
2332,Song_2332,193,4,77
2333,Song_2333,75,15,39
2334,Song_2334,67,12,89
2335,Song_2335,180,5,46
2336,Song_2336,190,16,96
2337,Song_2337,151,14,88
2338,Song_2338,154,10,47
2339,Song_2339,196,7,44
2340,Song_2340,55,13,9
2341,Song_2341,6,20,87
2342,Song_2342,163,5,50
2343,Song_2343,150,3,77
2344,Song_2344,171,15,60
2345,Song_2345,143,4,96
2346,Song_2346,86,15,15
2347,Song_2347,60,14,36
2348,Song_2348,101,20,63
2349,Song_2349,12,19,69
2350,Song_2350,49,13,86
2351,Song_2351,42,10,80
2352,Song_2352,166,5,41
2353,Song_2353,82,20,74
2354,Song_2354,173,20,24
2355,Song_2355,35,6,82
2356,Song_2356,158,4,49
2357,Song_2357,158,2,18
2358,Song_2358,134,16,7
2359,Song_2359,67,18,4
2360,Song_2360,80,5,90
2361,Song_2361,7,4,69
2362,Song_2362,180,13,60
2363,Song_2363,14,19,55
2364,Song_2364,73,2,16
2365,Song_2365,143,13,99
2366,Song_2366,149,11,90
2367,Song_2367,163,4,82
2368,Song_2368,66,20,29
2369,Song_2369,91,20,23
2370,Song_2370,130,15,14
2371,Song_2371,163,4,79
2372,Song_2372,20,9,49
2373,Song_2373,10,7,33
2374,Song_2374,25,19,25
2375,Song_2375,194,19,21
2376,Song_2376,25,6,17
2377,Song_2377,54,6,23
2378,Song_2378,33,20,57
2379,Song_2379,164,15,81
2380,Song_2380,95,15,58
2381,Song_2381,14,20,14
2382,Song_2382,65,9,93
2383,Song_2383,110,4,20
2384,Song_2384,80,18,30
2385,Song_2385,54,18,19
2386,Song_2386,125,5,53
2387,Song_2387,180,20,56
2388,Song_2388,131,11,77
2389,Song_2389,169,5,82
2390,Song_2390,134,4,23
2391,Song_2391,25,12,62
2392,Song_2392,141,2,33
2393,Song_2393,117,13,18
2394,Song_2394,136,10,73
2395,Song_2395,149,9,33
2396,Song_2396,196,10,32
2397,Song_2397,25,7,61
2398,Song_2398,79,4,54
2399,Song_2399,68,19,17
2400,Song_2400,173,10,19
2401,Song_2401,188,3,91
2402,Song_2402,12,19,70
2403,Song_2403,32,2,99
2404,Song_2404,128,20,34
2405,Song_2405,96,10,84
2406,Song_2406,92,2,25
2407,Song_2407,141,2,68
2408,Song_2408,31,17,74
2409,Song_2409,78,16,74
2410,Song_2410,20,16,88
2411,Song_2411,146,14,85
2412,Song_2412,60,7,11
2413,Song_2413,191,11,91
2414,Song_2414,134,1,16
2415,Song_2415,160,11,90
2416,Song_2416,93,4,61
2417,Song_2417,43,7,94
2418,Song_2418,130,15,80
2419,Song_2419,60,18,7
2420,Song_2420,151,12,16
2421,Song_2421,31,17,99
2422,Song_2422,5,1,16
2423,Song_2423,162,11,40
2424,Song_2424,10,1,12
2425,Song_2425,89,15,35
2426,Song_2426,130,10,21
2427,Song_2427,126,7,50
2428,Song_2428,11,2,43
2429,Song_2429,178,10,17
2430,Song_2430,159,4,32
2431,Song_2431,56,12,41
2432,Song_2432,83,19,6
2433,Song_2433,137,11,88
2434,Song_2434,99,8,27
2435,Song_2435,149,18,20
2436,Song_2436,73,11,25
2437,Song_2437,156,11,66
2438,Song_2438,190,13,9
2439,Song_2439,115,3,92
2440,Song_2440,7,12,53
2441,Song_2441,80,3,61
2442,Song_2442,144,10,38
2443,Song_2443,97,17,3
2444,Song_2444,4,2,84
2445,Song_2445,4,17,70
2446,Song_2446,103,16,97
2447,Song_2447,40,2,55
2448,Song_2448,17,20,1
2449,Song_2449,101,6,70
2450,Song_2450,103,10,45
2451,Song_2451,124,10,98
2452,Song_2452,52,8,47
2453,Song_2453,52,1,79
2454,Song_2454,164,13,26
2455,Song_2455,124,9,14
2456,Song_2456,166,10,54
2457,Song_2457,178,15,71
2458,Song_2458,63,5,46
2459,Song_2459,116,16,31
2460,Song_2460,191,13,88
2461,Song_2461,62,20,59
2462,Song_2462,7,18,95
2463,Song_2463,155,11,29
2464,Song_2464,92,9,96
2465,Song_2465,14,16,17
2466,Song_2466,199,2,14
2467,Song_2467,86,2,36
2468,Song_2468,133,12,58
2469,Song_2469,183,8,24
2470,Song_2470,130,9,63
2471,Song_2471,62,12,91
2472,Song_2472,149,9,25
2473,Song_2473,79,10,59
2474,Song_2474,149,2,32
2475,Song_2475,138,16,82
2476,Song_2476,58,20,18
2477,Song_2477,120,7,37
2478,Song_2478,167,2,26
2479,Song_2479,133,1,9
2480,Song_2480,65,19,99
2481,Song_2481,13,4,64
2482,Song_2482,181,2,72
2483,Song_2483,82,14,20
2484,Song_2484,173,2,54
2485,Song_2485,160,15,86
2486,Song_2486,164,12,83
2487,Song_2487,188,5,30
2488,Song_2488,139,20,53
2489,Song_2489,191,7,92
2490,Song_2490,149,10,99
2491,Song_2491,52,14,63
2492,Song_2492,183,14,11
2493,Song_2493,117,5,31
2494,Song_2494,26,18,49
2495,Song_2495,196,14,94
2496,Song_2496,34,2,87
2497,Song_2497,52,12,19
2498,Song_2498,112,6,12
2499,Song_2499,82,4,15
2500,Song_2500,180,13,31
2501,Song_2501,157,4,43
2502,Song_2502,166,14,37
2503,Song_2503,42,16,79
2504,Song_2504,21,4,29
2505,Song_2505,42,1,26
2506,Song_2506,141,13,2
2507,Song_2507,113,4,84
2508,Song_2508,105,20,15
2509,Song_2509,192,18,4
2510,Song_2510,17,6,86
2511,Song_2511,120,3,50
2512,Song_2512,137,13,38
2513,Song_2513,169,16,23
2514,Song_2514,129,5,59
2515,Song_2515,130,4,90
2516,Song_2516,60,8,75
2517,Song_2517,48,19,28
2518,Song_2518,29,14,66
2519,Song_2519,97,7,8
2520,Song_2520,10,14,29
2521,Song_2521,58,6,11
2522,Song_2522,188,12,18
2523,Song_2523,21,16,55
2524,Song_2524,28,17,50
2525,Song_2525,34,13,14
2526,Song_2526,8,14,74
2527,Song_2527,187,7,99
2528,Song_2528,200,14,9
2529,Song_2529,177,15,99
2530,Song_2530,79,12,11
2531,Song_2531,145,17,63
2532,Song_2532,188,9,76
2533,Song_2533,87,15,67
2534,Song_2534,88,12,53
2535,Song_2535,173,2,39
2536,Song_2536,69,5,78
2537,Song_2537,160,13,56
2538,Song_2538,172,20,28
2539,Song_2539,193,8,75
2540,Song_2540,87,14,39
2541,Song_2541,101,15,25
2542,Song_2542,8,11,21
2543,Song_2543,77,1,10
2544,Song_2544,200,3,43
2545,Song_2545,87,17,15
2546,Song_2546,43,19,83
2547,Song_2547,129,14,48
2548,Song_2548,109,8,86
2549,Song_2549,179,13,21
2550,Song_2550,152,20,60
2551,Song_2551,152,3,96
2552,Song_2552,17,5,50
2553,Song_2553,133,9,23
2554,Song_2554,148,6,13
2555,Song_2555,21,2,69
2556,Song_2556,58,13,4
2557,Song_2557,159,5,92
2558,Song_2558,110,8,78
2559,Song_2559,139,1,72
2560,Song_2560,180,20,9
2561,Song_2561,143,12,35
2562,Song_2562,135,11,21
2563,Song_2563,28,7,58
2564,Song_2564,51,15,18
2565,Song_2565,186,11,97
2566,Song_2566,5,16,72
2567,Song_2567,5,3,81
2568,Song_2568,94,20,43
2569,Song_2569,96,14,95
2570,Song_2570,8,3,98
2571,Song_2571,64,1,6
2572,Song_2572,138,15,86
2573,Song_2573,38,1,78
2574,Song_2574,111,17,67
2575,Song_2575,112,2,12
2576,Song_2576,81,20,12
2577,Song_2577,136,6,66
2578,Song_2578,104,8,2
2579,Song_2579,153,16,15
2580,Song_2580,73,19,23
2581,Song_2581,194,1,29
2582,Song_2582,178,3,81
2583,Song_2583,195,3,96
2584,Song_2584,49,5,7
2585,Song_2585,36,12,94
2586,Song_2586,126,12,28
2587,Song_2587,68,20,14
2588,Song_2588,78,13,44
2589,Song_2589,105,20,30
2590,Song_2590,169,9,81
2591,Song_2591,122,7,32
2592,Song_2592,119,4,70
2593,Song_2593,190,19,88
2594,Song_2594,114,19,6
2595,Song_2595,10,6,27
2596,Song_2596,149,13,82
2597,Song_2597,164,11,88
2598,Song_2598,140,13,24
2599,Song_2599,91,13,34
2600,Song_2600,2,20,40
2601,Song_2601,118,15,47
2602,Song_2602,13,13,79
2603,Song_2603,181,11,75
2604,Song_2604,160,19,86
2605,Song_2605,95,8,24
2606,Song_2606,144,20,65
2607,Song_2607,32,8,18
2608,Song_2608,32,10,44
2609,Song_2609,124,16,76
2610,Song_2610,11,19,57
2611,Song_2611,10,11,28
2612,Song_2612,15,13,71
2613,Song_2613,17,9,23
2614,Song_2614,168,20,85
2615,Song_2615,146,19,34
2616,Song_2616,183,16,11
2617,Song_2617,153,7,86
2618,Song_2618,59,19,35
2619,Song_2619,78,12,93
2620,Song_2620,124,15,42
2621,Song_2621,114,14,28
2622,Song_2622,22,11,82
2623,Song_2623,158,10,78
2624,Song_2624,172,11,82
2625,Song_2625,32,6,92
2626,Song_2626,179,2,24
2627,Song_2627,174,11,8
2628,Song_2628,113,19,53
2629,Song_2629,120,6,72
2630,Song_2630,149,14,4
2631,Song_2631,122,20,91
2632,Song_2632,32,6,5
2633,Song_2633,119,17,97
2634,Song_2634,39,10,49
2635,Song_2635,12,1,98
2636,Song_2636,175,3,30
2637,Song_2637,18,8,72
2638,Song_2638,149,8,63
2639,Song_2639,141,20,47
2640,Song_2640,149,15,26
2641,Song_2641,126,7,57
2642,Song_2642,136,11,37
2643,Song_2643,46,7,98
2644,Song_2644,104,4,7
2645,Song_2645,135,12,40
2646,Song_2646,151,6,92
2647,Song_2647,86,14,39
2648,Song_2648,150,12,62
2649,Song_2649,89,11,92
2650,Song_2650,22,19,78
2651,Song_2651,92,5,53
2652,Song_2652,29,14,4
2653,Song_2653,13,16,82
2654,Song_2654,2,13,25
2655,Song_2655,29,20,7
2656,Song_2656,180,4,28
2657,Song_2657,27,11,69
2658,Song_2658,50,17,67
2659,Song_2659,95,7,95
2660,Song_2660,151,14,20
2661,Song_2661,88,11,83
2662,Song_2662,44,9,11
2663,Song_2663,22,13,67
2664,Song_2664,171,18,87
2665,Song_2665,165,11,7
2666,Song_2666,189,15,23
2667,Song_2667,97,19,61
2668,Song_2668,184,1,71
2669,Song_2669,3,4,34
2670,Song_2670,191,14,19
2671,Song_2671,118,14,58
2672,Song_2672,19,3,9
2673,Song_2673,23,17,48
2674,Song_2674,157,3,82
2675,Song_2675,30,16,41
2676,Song_2676,39,14,48
2677,Song_2677,108,20,45
2678,Song_2678,111,13,25
2679,Song_2679,25,15,78
2680,Song_2680,128,14,25
2681,Song_2681,111,19,19
2682,Song_2682,136,6,39
2683,Song_2683,106,10,79
2684,Song_2684,186,15,80
2685,Song_2685,144,20,27
2686,Song_2686,72,6,74
2687,Song_2687,129,10,63
2688,Song_2688,108,7,68
2689,Song_2689,5,17,19
2690,Song_2690,3,18,28
2691,Song_2691,193,17,85
2692,Song_2692,132,9,78
2693,Song_2693,104,10,33
2694,Song_2694,64,10,10
2695,Song_2695,106,7,83
2696,Song_2696,98,16,30
2697,Song_2697,10,18,22
2698,Song_2698,149,6,3
2699,Song_2699,128,20,82
2700,Song_2700,46,1,75
2701,Song_2701,155,1,48
2702,Song_2702,66,12,2
2703,Song_2703,169,2,76
2704,Song_2704,112,4,54
2705,Song_2705,13,17,6
2706,Song_2706,137,4,40
2707,Song_2707,164,11,93
2708,Song_2708,86,4,94
2709,Song_2709,90,1,2
2710,Song_2710,58,7,73
2711,Song_2711,54,18,2
2712,Song_2712,12,9,93
2713,Song_2713,14,3,97
2714,Song_2714,121,8,74
2715,Song_2715,162,19,98
2716,Song_2716,181,4,55
2717,Song_2717,121,18,72
2718,Song_2718,20,20,60
2719,Song_2719,75,11,97
2720,Song_2720,144,14,6
2721,Song_2721,70,18,19
2722,Song_2722,56,16,96
2723,Song_2723,101,3,27
2724,Song_2724,186,15,1
2725,Song_2725,132,4,33
2726,Song_2726,111,5,40
2727,Song_2727,125,17,32
2728,Song_2728,132,7,69
2729,Song_2729,20,16,17
2730,Song_2730,138,14,8
2731,Song_2731,24,16,57
2732,Song_2732,154,7,42
2733,Song_2733,37,9,98
2734,Song_2734,54,4,9
2735,Song_2735,103,11,87
2736,Song_2736,149,2,35
2737,Song_2737,38,12,71
2738,Song_2738,174,12,79
2739,Song_2739,4,4,53
2740,Song_2740,188,18,54
2741,Song_2741,57,7,84
2742,Song_2742,173,1,25
2743,Song_2743,20,13,67
2744,Song_2744,17,6,62
2745,Song_2745,119,6,55
2746,Song_2746,71,12,46
2747,Song_2747,4,8,24
2748,Song_2748,14,19,98
2749,Song_2749,3,5,46
2750,Song_2750,80,18,22
2751,Song_2751,186,5,11
2752,Song_2752,55,10,48
2753,Song_2753,132,1,8
2754,Song_2754,120,10,39
2755,Song_2755,24,5,35
2756,Song_2756,162,12,49
2757,Song_2757,158,7,46
2758,Song_2758,82,9,38
2759,Song_2759,147,12,8
2760,Song_2760,159,1,54
2761,Song_2761,188,11,37
2762,Song_2762,60,15,91
2763,Song_2763,147,2,92
2764,Song_2764,49,20,40
2765,Song_2765,63,7,34
2766,Song_2766,110,12,96
2767,Song_2767,150,18,79
2768,Song_2768,152,3,17
2769,Song_2769,109,7,33
2770,Song_2770,76,11,47
2771,Song_2771,30,18,52
2772,Song_2772,58,12,80
2773,Song_2773,117,6,93
2774,Song_2774,159,5,9
2775,Song_2775,100,1,33
2776,Song_2776,192,12,60
2777,Song_2777,19,11,93
2778,Song_2778,176,4,77
2779,Song_2779,173,18,21
2780,Song_2780,94,4,58
2781,Song_2781,183,17,85
2782,Song_2782,113,2,69
2783,Song_2783,183,2,10
2784,Song_2784,146,12,6
2785,Song_2785,63,6,13
2786,Song_2786,116,10,65
2787,Song_2787,113,16,20
2788,Song_2788,47,14,57
2789,Song_2789,57,7,46
2790,Song_2790,118,19,8
2791,Song_2791,45,17,10
2792,Song_2792,161,9,73
2793,Song_2793,145,13,67
2794,Song_2794,198,5,11
2795,Song_2795,4,5,12
2796,Song_2796,148,10,10
2797,Song_2797,47,10,25
2798,Song_2798,143,7,49
2799,Song_2799,198,15,49
2800,Song_2800,47,7,89
2801,Song_2801,78,15,11
2802,Song_2802,124,3,62
2803,Song_2803,75,19,36
2804,Song_2804,103,10,39
2805,Song_2805,137,15,53
2806,Song_2806,90,3,90
2807,Song_2807,144,6,78
2808,Song_2808,69,12,56
2809,Song_2809,61,15,1
2810,Song_2810,138,6,56
2811,Song_2811,50,13,4
2812,Song_2812,3,19,30
2813,Song_2813,107,3,12
2814,Song_2814,113,8,35
2815,Song_2815,94,8,77
2816,Song_2816,118,20,52
2817,Song_2817,198,15,31
2818,Song_2818,81,4,87
2819,Song_2819,109,19,68
2820,Song_2820,51,3,52
2821,Song_2821,147,13,80
2822,Song_2822,170,8,7
2823,Song_2823,35,16,22
2824,Song_2824,46,13,93
2825,Song_2825,154,3,75
2826,Song_2826,69,16,56
2827,Song_2827,93,9,97
2828,Song_2828,64,14,58
2829,Song_2829,165,13,93
2830,Song_2830,49,7,64
2831,Song_2831,149,15,12
2832,Song_2832,74,7,7
2833,Song_2833,192,6,55
2834,Song_2834,5,2,62
2835,Song_2835,100,9,90
2836,Song_2836,70,17,73
2837,Song_2837,90,5,98
2838,Song_2838,4,12,77
2839,Song_2839,126,1,55
2840,Song_2840,39,10,36
2841,Song_2841,163,11,89
2842,Song_2842,129,16,24
2843,Song_2843,24,14,44
2844,Song_2844,57,8,17
2845,Song_2845,100,17,2
2846,Song_2846,70,18,13
2847,Song_2847,41,12,31
2848,Song_2848,182,17,93
2849,Song_2849,174,14,28
2850,Song_2850,60,16,60
2851,Song_2851,108,14,27
2852,Song_2852,188,9,15
2853,Song_2853,57,4,95
2854,Song_2854,31,11,79
2855,Song_2855,84,6,33
2856,Song_2856,152,15,20
2857,Song_2857,36,5,42
2858,Song_2858,158,11,12
2859,Song_2859,152,18,73
2860,Song_2860,108,13,23
2861,Song_2861,106,11,72
2862,Song_2862,158,14,96
2863,Song_2863,86,18,14
2864,Song_2864,135,19,91
2865,Song_2865,163,15,25
2866,Song_2866,183,9,77
2867,Song_2867,14,8,85
2868,Song_2868,120,20,31
2869,Song_2869,138,1,54
2870,Song_2870,80,4,5
2871,Song_2871,144,14,13
2872,Song_2872,182,2,28
2873,Song_2873,106,16,43
2874,Song_2874,70,3,89
2875,Song_2875,44,8,99
2876,Song_2876,73,6,47
2877,Song_2877,45,16,71
2878,Song_2878,184,16,38
2879,Song_2879,107,7,96
2880,Song_2880,84,13,67
2881,Song_2881,82,13,62
2882,Song_2882,107,5,39
2883,Song_2883,185,20,37
2884,Song_2884,21,18,86
2885,Song_2885,196,15,8
2886,Song_2886,178,18,81
2887,Song_2887,161,2,52
2888,Song_2888,7,10,91
2889,Song_2889,70,13,33
2890,Song_2890,127,18,81
2891,Song_2891,143,15,42
2892,Song_2892,160,12,76
2893,Song_2893,148,15,27
2894,Song_2894,143,13,8
2895,Song_2895,176,18,23
2896,Song_2896,199,15,64
2897,Song_2897,149,11,93
2898,Song_2898,170,19,20
2899,Song_2899,154,3,16
2900,Song_2900,120,7,17
2901,Song_2901,128,14,80
2902,Song_2902,142,14,19
2903,Song_2903,57,13,8
2904,Song_2904,165,12,38
2905,Song_2905,58,9,38
2906,Song_2906,21,1,53
2907,Song_2907,82,19,93
2908,Song_2908,69,11,90
2909,Song_2909,131,19,31
2910,Song_2910,87,18,44
2911,Song_2911,165,12,60
2912,Song_2912,49,1,76
2913,Song_2913,147,19,17
2914,Song_2914,115,20,79
2915,Song_2915,89,17,73
2916,Song_2916,85,5,39
2917,Song_2917,128,3,42
2918,Song_2918,140,2,48
2919,Song_2919,189,3,12
2920,Song_2920,169,8,96
2921,Song_2921,161,16,89
2922,Song_2922,178,6,18
2923,Song_2923,117,13,79
2924,Song_2924,196,16,96
2925,Song_2925,127,16,6
2926,Song_2926,71,3,43
2927,Song_2927,86,13,35
2928,Song_2928,33,14,98
2929,Song_2929,81,8,54
2930,Song_2930,152,12,62
2931,Song_2931,61,8,69
2932,Song_2932,61,9,82
2933,Song_2933,98,1,16
2934,Song_2934,28,6,8
2935,Song_2935,186,19,89
2936,Song_2936,43,11,96
2937,Song_2937,169,11,90
2938,Song_2938,167,13,86
2939,Song_2939,86,11,31
2940,Song_2940,177,18,10
2941,Song_2941,17,15,56
2942,Song_2942,98,1,76
2943,Song_2943,198,7,92
2944,Song_2944,198,13,70
2945,Song_2945,98,12,20
2946,Song_2946,65,18,5
2947,Song_2947,74,19,23
2948,Song_2948,85,15,9
2949,Song_2949,5,8,58
2950,Song_2950,2,19,59
2951,Song_2951,22,10,93
2952,Song_2952,112,7,80
2953,Song_2953,57,18,54
2954,Song_2954,66,16,46
2955,Song_2955,74,20,22
2956,Song_2956,98,6,64
2957,Song_2957,144,9,8
2958,Song_2958,112,13,20
2959,Song_2959,179,8,51
2960,Song_2960,125,16,78
2961,Song_2961,167,13,39
2962,Song_2962,86,13,37
2963,Song_2963,76,17,50
2964,Song_2964,88,20,34
2965,Song_2965,168,5,75
2966,Song_2966,38,17,33
2967,Song_2967,188,9,31
2968,Song_2968,59,2,54
2969,Song_2969,138,18,44
2970,Song_2970,99,9,34
2971,Song_2971,192,6,71
2972,Song_2972,63,11,62
2973,Song_2973,49,6,23
2974,Song_2974,192,6,46
2975,Song_2975,32,13,56
2976,Song_2976,135,11,7
2977,Song_2977,21,14,89
2978,Song_2978,20,2,61
2979,Song_2979,154,8,3
2980,Song_2980,127,3,38
2981,Song_2981,68,3,84
2982,Song_2982,110,1,34
2983,Song_2983,116,19,44
2984,Song_2984,143,18,30
2985,Song_2985,120,17,17
2986,Song_2986,79,20,59
2987,Song_2987,116,13,10
2988,Song_2988,92,3,99
2989,Song_2989,14,1,84
2990,Song_2990,155,4,18
2991,Song_2991,125,13,45
2992,Song_2992,168,17,91
2993,Song_2993,58,11,59
2994,Song_2994,28,2,62
2995,Song_2995,26,16,59
2996,Song_2996,113,2,49
2997,Song_2997,191,19,63
2998,Song_2998,66,19,87
2999,Song_2999,153,16,32
3000,Song_3000,131,19,10
