userId,name
1,User_1
2,User_2
3,User_3
4,User_4
5,User_5
6,User_6
7,User_7
8,User_8
9,User_9
10,User_10
11,User_11
12,User_12
13,User_13
14,User_14
15,User_15
16,User_16
17,User_17
18,User_18
19,User_19
20,User_20
21,User_21
22,User_22
23,User_23
24,User_24
25,User_25
26,User_26
27,User_27
28,User_28
29,User_29
30,User_30
31,User_31
32,User_32
33,User_33
34,User_34
35,User_35
36,User_36
37,User_37
38,User_38
39,User_39
40,User_40
41,User_41
42,User_42
43,User_43
44,User_44
45,User_45
46,User_46
47,User_47
48,User_48
49,User_49
50,User_50
51,User_51
52,User_52
53,User_53
54,User_54
55,User_55
56,User_56
57,User_57
58,User_58
59,User_59
60,User_60
61,User_61
62,User_62
63,User_63
64,User_64
65,User_65
66,User_66
67,User_67
68,User_68
69,User_69
70,User_70
71,User_71
72,User_72
73,User_73
74,User_74
75,User_75
76,User_76
77,User_77
78,User_78
79,User_79
80,User_80
81,User_81
82,User_82
83,User_83
84,User_84
85,User_85
86,User_86
87,User_87
88,User_88
89,User_89
90,User_90
91,User_91
92,User_92
93,User_93
94,User_94
95,User_95
96,User_96
97,User_97
98,User_98
99,User_99
100,User_100
101,User_101
102,User_102
103,User_103
104,User_104
105,User_105
106,User_106
107,User_107
108,User_108
109,User_109
110,User_110
111,User_111
112,User_112
113,User_113
114,User_114
115,User_115
116,User_116
117,User_117
118,User_118
119,User_119
120,User_120
121,User_121
122,User_122
123,User_123
124,User_124
125,User_125
126,User_126
127,User_127
128,User_128
129,User_129
130,User_130
131,User_131
132,User_132
133,User_133
134,User_134
135,User_135
136,User_136
137,User_137
138,User_138
139,User_139
140,User_140
141,User_141
142,User_142
143,User_143
144,User_144
145,User_145
146,User_146
147,User_147
148,User_148
149,User_149
150,User_150
151,User_151
152,User_152
153,User_153
154,User_154
155,User_155
156,User_156
157,User_157
158,User_158
159,User_159
160,User_160
161,User_161
162,User_162
163,User_163
164,User_164
165,User_165
166,User_166
167,User_167
168,User_168
169,User_169
170,User_170
171,User_171
172,User_172
173,User_173
174,User_174
175,User_175
176,User_176
177,User_177
178,User_178
179,User_179
180,User_180
181,User_181
182,User_182
183,User_183
184,User_184
185,User_185
186,User_186
187,User_187
188,User_188
189,User_189
190,User_190
191,User_191
192,User_192
193,User_193
194,User_194
195,User_195
196,User_196
197,User_197
198,User_198
199,User_199
200,User_200
201,User_201
202,User_202
203,User_203
204,User_204
205,User_205
206,User_206
207,User_207
208,User_208
209,User_209
210,User_210
211,User_211
212,User_212
213,User_213
214,User_214
215,User_215
216,User_216
217,User_217
218,User_218
219,User_219
220,User_220
221,User_221
222,User_222
223,User_223
224,User_224
225,User_225
226,User_226
227,User_227
228,User_228
229,User_229
230,User_230
231,User_231
232,User_232
233,User_233
234,User_234
235,User_235
236,User_236
237,User_237
238,User_238
239,User_239
240,User_240
241,User_241
242,User_242
243,User_243
244,User_244
245,User_245
246,User_246
247,User_247
248,User_248
249,User_249
250,User_250
251,User_251
252,User_252
253,User_253
254,User_254
255,User_255
256,User_256
257,User_257
258,User_258
259,User_259
260,User_260
261,User_261
262,User_262
263,User_263
264,User_264
265,User_265
266,User_266
267,User_267
268,User_268
269,User_269
270,User_270
271,User_271
272,User_272
273,User_273
274,User_274
275,User_275
276,User_276
277,User_277
278,User_278
279,User_279
280,User_280
281,User_281
282,User_282
283,User_283
284,User_284
285,User_285
286,User_286
287,User_287
288,User_288
289,User_289
290,User_290
291,User_291
292,User_292
293,User_293
294,User_294
295,User_295
296,User_296
297,User_297
298,User_298
299,User_299
300,User_300
301,User_301
302,User_302
303,User_303
304,User_304
305,User_305
306,User_306
307,User_307
308,User_308
309,User_309
310,User_310
311,User_311
312,User_312
313,User_313
314,User_314
315,User_315
316,User_316
317,User_317
318,User_318
319,User_319
320,User_320
321,User_321
322,User_322
323,User_323
324,User_324
325,User_325
326,User_326
327,User_327
328,User_328
329,User_329
330,User_330
331,User_331
332,User_332
333,User_333
334,User_334
335,User_335
336,User_336
337,User_337
338,User_338
339,User_339
340,User_340
341,User_341
342,User_342
343,User_343
344,User_344
345,User_345
346,User_346
347,User_347
348,User_348
349,User_349
350,User_350
351,User_351
352,User_352
353,User_353
354,User_354
355,User_355
356,User_356
357,User_357
358,User_358
359,User_359
360,User_360
361,User_361
362,User_362
363,User_363
364,User_364
365,User_365
366,User_366
367,User_367
368,User_368
369,User_369
370,User_370
371,User_371
372,User_372
373,User_373
374,User_374
375,User_375
376,User_376
377,User_377
378,User_378
379,User_379
380,User_380
381,User_381
382,User_382
383,User_383
384,User_384
385,User_385
386,User_386
387,User_387
388,User_388
389,User_389
390,User_390
391,User_391
392,User_392
393,User_393
394,User_394
395,User_395
396,User_396
397,User_397
398,User_398
399,User_399
400,User_400
401,User_401
402,User_402
403,User_403
404,User_404
405,User_405
406,User_406
407,User_407
408,User_408
409,User_409
410,User_410
411,User_411
412,User_412
413,User_413
414,User_414
415,User_415
416,User_416
417,User_417
418,User_418
419,User_419
420,User_420
421,User_421
422,User_422
423,User_423
424,User_424
425,User_425
426,User_426
427,User_427
428,User_428
429,User_429
430,User_430
431,User_431
432,User_432
433,User_433
434,User_434
435,User_435
436,User_436
437,User_437
438,User_438
439,User_439
440,User_440
441,User_441
442,User_442
443,User_443
444,User_444
445,User_445
446,User_446
447,User_447
448,User_448
449,User_449
450,User_450
451,User_451
452,User_452
453,User_453
454,User_454
455,User_455
456,User_456
457,User_457
458,User_458
459,User_459
460,User_460
461,User_461
462,User_462
463,User_463
464,User_464
465,User_465
466,User_466
467,User_467
468,User_468
469,User_469
470,User_470
471,User_471
472,User_472
473,User_473
474,User_474
475,User_475
476,User_476
477,User_477
478,User_478
479,User_479
480,User_480
481,User_481
482,User_482
483,User_483
484,User_484
485,User_485
486,User_486
487,User_487
488,User_488
489,User_489
490,User_490
491,User_491
492,User_492
493,User_493
494,User_494
495,User_495
496,User_496
497,User_497
498,User_498
499,User_499
500,User_500
501,User_501
502,User_502
503,User_503
504,User_504
505,User_505
506,User_506
507,User_507
508,User_508
509,User_509
510,User_510
511,User_511
512,User_512
513,User_513
514,User_514
515,User_515
516,User_516
517,User_517
518,User_518
519,User_519
520,User_520
521,User_521
522,User_522
523,User_523
524,User_524
525,User_525
526,User_526
527,User_527
528,User_528
529,User_529
530,User_530
531,User_531
532,User_532
533,User_533
534,User_534
535,User_535
536,User_536
537,User_537
538,User_538
539,User_539
540,User_540
541,User_541
542,User_542
543,User_543
544,User_544
545,User_545
546,User_546
547,User_547
548,User_548
549,User_549
550,User_550
551,User_551
552,User_552
553,User_553
554,User_554
555,User_555
556,User_556
557,User_557
558,User_558
559,User_559
560,User_560
561,User_561
562,User_562
563,User_563
564,User_564
565,User_565
566,User_566
567,User_567
568,User_568
569,User_569
570,User_570
571,User_571
572,User_572
573,User_573
574,User_574
575,User_575
576,User_576
577,User_577
578,User_578
579,User_579
580,User_580
581,User_581
582,User_582
583,User_583
584,User_584
585,User_585
586,User_586
587,User_587
588,User_588
589,User_589
590,User_590
591,User_591
592,User_592
593,User_593
594,User_594
595,User_595
596,User_596
597,User_597
598,User_598
599,User_599
600,User_600
601,User_601
602,User_602
603,User_603
604,User_604
605,User_605
606,User_606
607,User_607
608,User_608
609,User_609
610,User_610
611,User_611
612,User_612
613,User_613
614,User_614
615,User_615
616,User_616
617,User_617
618,User_618
619,User_619
620,User_620
621,User_621
622,User_622
623,User_623
624,User_624
625,User_625
626,User_626
627,User_627
628,User_628
629,User_629
630,User_630
631,User_631
632,User_632
633,User_633
634,User_634
635,User_635
636,User_636
637,User_637
638,User_638
639,User_639
640,User_640
641,User_641
642,User_642
643,User_643
644,User_644
645,User_645
646,User_646
647,User_647
648,User_648
649,User_649
650,User_650
651,User_651
652,User_652
653,User_653
654,User_654
655,User_655
656,User_656
657,User_657
658,User_658
659,User_659
660,User_660
661,User_661
662,User_662
663,User_663
664,User_664
665,User_665
666,User_666
667,User_667
668,User_668
669,User_669
670,User_670
671,User_671
672,User_672
673,User_673
674,User_674
675,User_675
676,User_676
677,User_677
678,User_678
679,User_679
680,User_680
681,User_681
682,User_682
683,User_683
684,User_684
685,User_685
686,User_686
687,User_687
688,User_688
689,User_689
690,User_690
691,User_691
692,User_692
693,User_693
694,User_694
695,User_695
696,User_696
697,User_697
698,User_698
699,User_699
700,User_700
701,User_701
702,User_702
703,User_703
704,User_704
705,User_705
706,User_706
707,User_707
708,User_708
709,User_709
710,User_710
711,User_711
712,User_712
713,User_713
714,User_714
715,User_715
716,User_716
717,User_717
718,User_718
719,User_719
720,User_720
721,User_721
722,User_722
723,User_723
724,User_724
725,User_725
726,User_726
727,User_727
728,User_728
729,User_729
730,User_730
731,User_731
732,User_732
733,User_733
734,User_734
735,User_735
736,User_736
737,User_737
738,User_738
739,User_739
740,User_740
741,User_741
742,User_742
743,User_743
744,User_744
745,User_745
746,User_746
747,User_747
748,User_748
749,User_749
750,User_750
751,User_751
752,User_752
753,User_753
754,User_754
755,User_755
756,User_756
757,User_757
758,User_758
759,User_759
760,User_760
761,User_761
762,User_762
763,User_763
764,User_764
765,User_765
766,User_766
767,User_767
768,User_768
769,User_769
770,User_770
771,User_771
772,User_772
773,User_773
774,User_774
775,User_775
776,User_776
777,User_777
778,User_778
779,User_779
780,User_780
781,User_781
782,User_782
783,User_783
784,User_784
785,User_785
786,User_786
787,User_787
788,User_788
789,User_789
790,User_790
791,User_791
792,User_792
793,User_793
794,User_794
795,User_795
796,User_796
797,User_797
798,User_798
799,User_799
800,User_800
801,User_801
802,User_802
803,User_803
804,User_804
805,User_805
806,User_806
807,User_807
808,User_808
809,User_809
810,User_810
811,User_811
812,User_812
813,User_813
814,User_814
815,User_815
816,User_816
817,User_817
818,User_818
819,User_819
820,User_820
821,User_821
822,User_822
823,User_823
824,User_824
825,User_825
826,User_826
827,User_827
828,User_828
829,User_829
830,User_830
831,User_831
832,User_832
833,User_833
834,User_834
835,User_835
836,User_836
837,User_837
838,User_838
839,User_839
840,User_840
841,User_841
842,User_842
843,User_843
844,User_844
845,User_845
846,User_846
847,User_847
848,User_848
849,User_849
850,User_850
851,User_851
852,User_852
853,User_853
854,User_854
855,User_855
856,User_856
857,User_857
858,User_858
859,User_859
860,User_860
861,User_861
862,User_862
863,User_863
864,User_864
865,User_865
866,User_866
867,User_867
868,User_868
869,User_869
870,User_870
871,User_871
872,User_872
873,User_873
874,User_874
875,User_875
876,User_876
877,User_877
878,User_878
879,User_879
880,User_880
881,User_881
882,User_882
883,User_883
884,User_884
885,User_885
886,User_886
887,User_887
888,User_888
889,User_889
890,User_890
891,User_891
892,User_892
893,User_893
894,User_894
895,User_895
896,User_896
897,User_897
898,User_898
899,User_899
900,User_900
901,User_901
902,User_902
903,User_903
904,User_904
905,User_905
906,User_906
907,User_907
908,User_908
909,User_909
910,User_910
911,User_911
912,User_912
913,User_913
914,User_914
915,User_915
916,User_916
917,User_917
918,User_918
919,User_919
920,User_920
921,User_921
922,User_922
923,User_923
924,User_924
925,User_925
926,User_926
927,User_927
928,User_928
929,User_929
930,User_930
931,User_931
932,User_932
933,User_933
934,User_934
935,User_935
936,User_936
937,User_937
938,User_938
939,User_939
940,User_940
941,User_941
942,User_942
943,User_943
944,User_944
945,User_945
946,User_946
947,User_947
948,User_948
949,User_949
950,User_950
951,User_951
952,User_952
953,User_953
954,User_954
955,User_955
956,User_956
957,User_957
958,User_958
959,User_959
960,User_960
961,User_961
962,User_962
963,User_963
964,User_964
965,User_965
966,User_966
967,User_967
968,User_968
969,User_969
970,User_970
971,User_971
972,User_972
973,User_973
974,User_974
975,User_975
976,User_976
977,User_977
978,User_978
979,User_979
980,User_980
981,User_981
982,User_982
983,User_983
984,User_984
985,User_985
986,User_986
987,User_987
988,User_988
989,User_989
990,User_990
991,User_991
992,User_992
993,User_993
994,User_994
995,User_995
996,User_996
997,User_997
998,User_998
999,User_999
1000,User_1000
